{
	"credit": "Made with Blockbench, a free, modern block model editor by JannisX11",
	"textures": {
		"particle": "#0"
	},
	"elements": [
		{
			"name": "cube",
			"from": [0, 0, 0],
			"to": [16, 16, 16],
			"faces": {
				"north": {"uv": [6, 3.5, 6.5, 4], "texture": "#0"},
				"east": {"uv": [6, 3.5, 6.5, 4], "texture": "#0"},
				"south": {"uv": [6, 3.5, 6.5, 4], "texture": "#0"},
				"west": {"uv": [6, 3.5, 6.5, 4], "texture": "#0"},
				"up": {"uv": [8, 0, 16, 8], "texture": "#0"}
			}
		},
		{
			"name": "cube",
			"from": [0, 16, 11],
			"to": [16, 27.08655434382642, 16],
			"faces": {
				"east": {"uv": [6, 3.5, 6.5, 4], "texture": "#0"},
				"south": {"uv": [6, 3.5, 6.5, 4], "texture": "#0"},
				"west": {"uv": [6, 3.5, 6.5, 4], "texture": "#0"}
			}
		},
		{
			"name": "cube",
			"from": [13, 12.520910466609635, 2.4905638763878706],
			"to": [16, 27.520910466609635, 13.49056387638787],
			"rotation": {
				"angle": 22.5,
				"axis": "x",
				"origin": [
					14.5,
					20.520910466609635,
					9.99056387638787
				]
			},
			"faces": {
				"north": {"uv": [6, 3.5, 6.5, 4], "texture": "#0"},
				"east": {"uv": [6, 3.5, 6.5, 4], "texture": "#0"},
				"south": {
					"uv": [0, 0, 1, 1],
					"texture": "#missing"
				},
				"west": {"uv": [6, 3.5, 6.5, 4], "texture": "#0"}
			}
		},
		{
			"name": "cube",
			"from": [0, 27.08655434382642, 4.5922014130918125],
			"to": [16, 32, 16],
			"faces": {
				"north": {"uv": [0, 0, 8, 2.5], "texture": "#0"},
				"east": {"uv": [6, 3.5, 6.5, 4], "texture": "#0"},
				"south": {"uv": [6, 3.5, 6.5, 4], "texture": "#0"},
				"west": {"uv": [6, 3.5, 6.5, 4], "texture": "#0"},
				"up": {"uv": [6, 3.5, 6.5, 4], "texture": "#0"},
				"down": {"uv": [6, 3.5, 6.5, 4], "texture": "#0"}
			}
		},
		{
			"name": "cube",
			"from": [0, 12.520910466609635, 2.4905638763878706],
			"to": [3, 27.520910466609635, 13.49056387638787],
			"rotation": {
				"angle": 22.5,
				"axis": "x",
				"origin": [
					1.5,
					20.520910466609635,
					9.99056387638787
				]
			},
			"faces": {
				"north": {"uv": [6, 3.5, 6.5, 4], "texture": "#0"},
				"east": {"uv": [6, 3.5, 6.5, 4], "texture": "#0"},
				"south": {
					"uv": [0, 0, 1, 1],
					"texture": "#missing"
				},
				"west": {"uv": [6, 3.5, 6.5, 4], "texture": "#0"}
			}
		},
		{
			"name": "cube",
			"from": [3, 14.770910466609635, 8.49056387638787],
			"to": [13, 27.020910466609635, 13.49056387638787],
			"rotation": {
				"angle": 22.5,
				"axis": "x",
				"origin": [
					11.5,
					21.020910466609635,
					9.99056387638787
				]
			},
			"faces": {
				"north": {"uv": [0, 2.5, 5, 9], "texture": "#0"}
			}
		}
	]
}