{
	"credit": "Made with Blockbench, a free, modern block model editor by JannisX11",
	"textures": {
		"1": "blocks/large_oak_planks",
		"2": "blocks/oak_log",
		"4": "blocks/battle_text",
		"5": "blocks/battle"
	},
	"elements": [
		{
			"name": "cube",
			"from": [-2, -8, 0],
			"to": [30, 24, 1],
			"faces": {
				"north": {"uv": [0, 0, 16, 16], "texture": "#5"},
				"east": {"uv": [0, 0, 1, 1], "texture": "#missing"},
				"south": {"uv": [0, 0.5, 8, 8.5], "texture": "#1"},
				"west": {"uv": [0, 0, 1, 1], "texture": "#missing"},
				"up": {"uv": [0, 0, 1, 1], "texture": "#missing"},
				"down": {"uv": [0, 0, 1, 1], "texture": "#missing"}
			}
		},
		{
			"name": "cube",
			"from": [30, -10, -1],
			"to": [32, 26, 1],
			"faces": {
				"north": {"uv": [0, 0, 0.5, 9], "texture": "#1"},
				"east": {"uv": [0, 0, 0.5, 9], "texture": "#1"},
				"south": {"uv": [0, 0, 0.5, 9], "texture": "#1"},
				"west": {"uv": [0, 0, 0.5, 9], "texture": "#1"},
				"up": {"uv": [0, 0, 0.5, 0.5], "texture": "#1"},
				"down": {"uv": [0, 0, 0.5, 0.5], "texture": "#1"}
			}
		},
		{
			"name": "cube",
			"from": [-4, -10, -1],
			"to": [-2, 26, 1],
			"faces": {
				"north": {"uv": [0, 0, 0.5, 9], "texture": "#1"},
				"east": {"uv": [0, 0, 0.5, 9], "texture": "#1"},
				"south": {"uv": [0, 0, 0.5, 9], "texture": "#1"},
				"west": {"uv": [0, 0, 0.5, 9], "texture": "#1"},
				"up": {"uv": [0, 0, 0.5, 0.5], "texture": "#1"},
				"down": {"uv": [0, 0, 0.5, 0.5], "texture": "#1"}
			}
		},
		{
			"name": "cube",
			"from": [-2, 24, -1],
			"to": [30, 26, 1],
			"faces": {
				"north": {
					"uv": [0, 1, 9, 1.5],
					"texture": "#1",
					"rotation": 180
				},
				"east": {
					"uv": [0, 0, 0.5, 0.5],
					"texture": "#1",
					"rotation": 270
				},
				"south": {
					"uv": [0, 0, 9, 0.5],
					"texture": "#1",
					"rotation": 180
				},
				"west": {
					"uv": [0, 0, 0.5, 0.5],
					"texture": "#1",
					"rotation": 270
				},
				"up": {
					"uv": [0, 0, 9, 0.5],
					"texture": "#1",
					"rotation": 180
				},
				"down": {
					"uv": [0, 0, 0.5, 9],
					"texture": "#1",
					"rotation": 270
				}
			}
		},
		{
			"name": "cube",
			"from": [-2, -10, -1],
			"to": [30, -8, 1],
			"faces": {
				"north": {
					"uv": [0, 0.75, 9, 1.25],
					"texture": "#1",
					"rotation": 180
				},
				"east": {
					"uv": [0, 0, 0.5, 0.5],
					"texture": "#1",
					"rotation": 270
				},
				"south": {
					"uv": [0, 0.75, 9, 1.25],
					"texture": "#1",
					"rotation": 180
				},
				"west": {
					"uv": [0, 0, 0.5, 0.5],
					"texture": "#1",
					"rotation": 270
				},
				"up": {
					"uv": [0, 0, 0.5, 9],
					"texture": "#1",
					"rotation": 270
				},
				"down": {
					"uv": [0, 0, 9, 0.5],
					"texture": "#1",
					"rotation": 180
				}
			}
		},
		{
			"name": "cube",
			"from": [-2, -16, 0.25],
			"to": [1, 0, 3.25],
			"faces": {
				"north": {"uv": [8, 0, 12, 16], "texture": "#2"},
				"east": {"uv": [4, 0, 8, 16], "texture": "#2"},
				"south": {"uv": [0, 0, 4, 16], "texture": "#2"},
				"west": {"uv": [12, 0, 16, 16], "texture": "#2"},
				"up": {"uv": [12, 12, 16, 16], "texture": "#2"}
			}
		},
		{
			"name": "cube",
			"from": [27, -16, 0.25],
			"to": [30, 0, 3.25],
			"faces": {
				"north": {"uv": [8, 0, 12, 16], "texture": "#2"},
				"east": {"uv": [4, 0, 8, 16], "texture": "#2"},
				"south": {"uv": [0, 0, 4, 16], "texture": "#2"},
				"west": {"uv": [12, 0, 16, 16], "texture": "#2"},
				"up": {"uv": [12, 12, 16, 16], "texture": "#2"}
			}
		},
		{
			"name": "cube",
			"from": [-16, 17, -0.75],
			"to": [-4, 23, 1],
			"faces": {
				"north": {"uv": [0, 0, 6, 2.875], "texture": "#4"},
				"east": {
					"uv": [1, 0.75, 1.5, 2],
					"texture": "#1",
					"rotation": 180
				},
				"south": {
					"uv": [1, 0.5, 4.25, 2],
					"texture": "#1",
					"rotation": 180
				},
				"west": {
					"uv": [1, 0.5, 1.5, 2],
					"texture": "#1",
					"rotation": 180
				},
				"up": {
					"uv": [1, 1, 5.5, 1.5],
					"texture": "#1",
					"rotation": 180
				},
				"down": {
					"uv": [1, 1, 5.5, 1.5],
					"texture": "#1",
					"rotation": 180
				}
			}
		},
		{
			"name": "cube",
			"from": [-16, 2, -0.75],
			"to": [-4, 15, 1],
			"faces": {
				"north": {"uv": [6, 0, 12, 6.5], "texture": "#4"},
				"east": {
					"uv": [1, 0.75, 1.5, 2],
					"texture": "#1",
					"rotation": 180
				},
				"south": {
					"uv": [1, 0.75, 4.25, 4],
					"texture": "#1",
					"rotation": 180
				},
				"west": {
					"uv": [1, 0.75, 1.5, 4],
					"texture": "#1",
					"rotation": 180
				},
				"up": {
					"uv": [1, 1, 5.5, 1.5],
					"texture": "#1",
					"rotation": 180
				},
				"down": {
					"uv": [1, 1, 5.5, 1.5],
					"texture": "#1",
					"rotation": 180
				}
			}
		}
	]
}