{
	"credit": "Made with Blockbench, a free, modern block model editor by JannisX11",
	"textures": {
		"0": "blocks/oak_planks",
		"1": "items/wool",
		"3": "blocks/furnace_top",
		"4": "blocks/dispenser_front_vertical",
		"particle": "blocks/oak_planks"
	},
	"elements": [
		{
			"name": "dispenser",
			"from": [5.6, 16.738461538461543, 5.6],
			"to": [10.4, 21.53846153846154, 10.4],
			"faces": {
				"north": {"uv": [0, 0, 16, 16], "texture": "#3"},
				"east": {"uv": [0, 0, 16, 16], "texture": "#3"},
				"south": {"uv": [0, 0, 16, 16], "texture": "#3"},
				"west": {"uv": [0, 0, 16, 16], "texture": "#3"},
				"up": {"uv": [0, 0, 16, 16], "texture": "#4"},
				"down": {"uv": [0, 0, 16, 16], "texture": "#3"}
			}
		},
		{
			"name": "fence",
			"from": [12.2, 2.3384615384615417, 12.2],
			"to": [
				13.399999999999999,
				7.1384615384615415,
				13.399999999999999
			],
			"faces": {
				"north": {"uv": [0, 0, 4, 16], "texture": "#0"},
				"east": {"uv": [0, 0, 4, 16], "texture": "#0"},
				"south": {"uv": [0, 0, 4, 16], "texture": "#0"},
				"west": {"uv": [0, 0, 4, 16], "texture": "#0"}
			}
		},
		{
			"name": "oak_stairs",
			"from": [5.6, -2.461538461538458, 15.2],
			"to": [10.4, -0.06153846153845777, 17.6],
			"faces": {
				"north": {"uv": [0, 0, 16, 8], "texture": "#0"},
				"east": {"uv": [0, 0, 16, 16], "texture": "#0"},
				"south": {"uv": [0, 0, 16, 16], "texture": "#0"},
				"west": {"uv": [0, 0, 16, 16], "texture": "#0"},
				"up": {"uv": [0, 0, 16, 8], "texture": "#0"},
				"down": {"uv": [0, 0, 16, 16], "texture": "#0"}
			}
		},
		{
			"name": "oak_stairs",
			"from": [5.6, -2.461538461538458, 17.6],
			"to": [10.4, 2.3384615384615417, 20],
			"faces": {
				"north": {"uv": [0, 0, 16, 16], "texture": "#0"},
				"east": {"uv": [0, 0, 16, 16], "texture": "#0"},
				"south": {"uv": [0, 0, 16, 16], "texture": "#0"},
				"west": {"uv": [0, 0, 16, 16], "texture": "#0"},
				"up": {"uv": [0, 0, 16, 8], "texture": "#0"},
				"down": {"uv": [0, 0, 16, 16], "texture": "#0"}
			}
		},
		{
			"name": "planks",
			"from": [10.4, -2.461538461538458, 15.2],
			"to": [15.2, 2.3384615384615417, 20],
			"faces": {
				"north": {"uv": [0, 0, 16, 16], "texture": "#0"},
				"east": {"uv": [0, 0, 16, 16], "texture": "#0"},
				"south": {"uv": [0, 0, 16, 16], "texture": "#0"},
				"west": {"uv": [0, 0, 16, 16], "texture": "#0"},
				"up": {"uv": [0, 0, 16, 16], "texture": "#0"},
				"down": {"uv": [0, 0, 16, 16], "texture": "#0"}
			}
		},
		{
			"name": "planks",
			"from": [15.2, -2.461538461538458, 10.4],
			"to": [20, 2.3384615384615417, 15.2],
			"faces": {
				"north": {"uv": [0, 0, 16, 16], "texture": "#0"},
				"east": {"uv": [0, 0, 16, 16], "texture": "#0"},
				"south": {"uv": [0, 0, 16, 16], "texture": "#0"},
				"west": {"uv": [0, 0, 16, 16], "texture": "#0"},
				"up": {"uv": [0, 0, 16, 16], "texture": "#0"},
				"down": {"uv": [0, 0, 16, 16], "texture": "#0"}
			}
		},
		{
			"name": "oak_stairs",
			"from": [17.6, -2.461538461538458, 5.6],
			"to": [20, 2.3384615384615417, 10.4],
			"faces": {
				"north": {"uv": [0, 0, 16, 16], "texture": "#0"},
				"east": {"uv": [0, 0, 16, 16], "texture": "#0"},
				"south": {"uv": [0, 0, 16, 16], "texture": "#0"},
				"west": {"uv": [0, 0, 16, 16], "texture": "#0"},
				"up": {"uv": [8, 0, 16, 16], "texture": "#0"},
				"down": {"uv": [0, 0, 16, 16], "texture": "#0"}
			}
		},
		{
			"name": "planks",
			"from": [
				15.2,
				-2.461538461538458,
				0.8000000000000007
			],
			"to": [20, 2.3384615384615417, 5.6],
			"faces": {
				"north": {"uv": [0, 0, 16, 16], "texture": "#0"},
				"east": {"uv": [0, 0, 16, 16], "texture": "#0"},
				"south": {"uv": [0, 0, 16, 16], "texture": "#0"},
				"west": {"uv": [0, 0, 16, 16], "texture": "#0"},
				"up": {"uv": [0, 0, 16, 16], "texture": "#0"},
				"down": {"uv": [0, 0, 16, 16], "texture": "#0"}
			}
		},
		{
			"name": "oak_stairs",
			"from": [15.2, -2.461538461538458, 5.6],
			"to": [17.6, -0.06153846153845777, 10.4],
			"faces": {
				"north": {"uv": [0, 0, 16, 16], "texture": "#0"},
				"east": {"uv": [0, 0, 16, 16], "texture": "#0"},
				"south": {"uv": [0, 0, 16, 16], "texture": "#0"},
				"west": {"uv": [0, 0, 16, 8], "texture": "#0"},
				"up": {"uv": [0, 0, 8, 16], "texture": "#0"},
				"down": {"uv": [0, 0, 16, 16], "texture": "#0"}
			}
		},
		{
			"name": "oak_stairs",
			"from": [
				15.2,
				-7.261538461538457,
				0.8000000000000007
			],
			"to": [20, -2.461538461538458, 5.6],
			"faces": {
				"north": {"uv": [0, 0, 16, 16], "texture": "#0"},
				"east": {"uv": [0, 0, 16, 16], "texture": "#0"},
				"south": {"uv": [0, 0, 16, 16], "texture": "#0"},
				"west": {"uv": [0, 0, 16, 16], "texture": "#0"},
				"up": {"uv": [0, 0, 16, 16], "texture": "#0"},
				"down": {"uv": [0, 0, 16, 16], "texture": "#0"}
			}
		},
		{
			"name": "planks",
			"from": [10.4, -2.461538461538458, -4],
			"to": [15.2, 2.3384615384615417, 0.8000000000000007],
			"faces": {
				"north": {"uv": [0, 0, 16, 16], "texture": "#0"},
				"east": {"uv": [0, 0, 16, 16], "texture": "#0"},
				"south": {"uv": [0, 0, 16, 16], "texture": "#0"},
				"west": {"uv": [0, 0, 16, 16], "texture": "#0"},
				"up": {"uv": [0, 0, 16, 16], "texture": "#0"},
				"down": {"uv": [0, 0, 16, 16], "texture": "#0"}
			}
		},
		{
			"name": "oak_stairs",
			"from": [10.4, -7.261538461538457, -4],
			"to": [15.2, -2.461538461538458, 0.8000000000000007],
			"faces": {
				"north": {"uv": [0, 0, 16, 16], "texture": "#0"},
				"east": {"uv": [0, 0, 16, 16], "texture": "#0"},
				"south": {"uv": [0, 0, 16, 16], "texture": "#0"},
				"west": {"uv": [0, 0, 16, 16], "texture": "#0"},
				"up": {"uv": [0, 0, 16, 16], "texture": "#0"},
				"down": {"uv": [0, 0, 16, 16], "texture": "#0"}
			}
		},
		{
			"name": "oak_stairs",
			"from": [5.6, -7.261538461538457, -4],
			"to": [10.4, -2.461538461538458, 0.8000000000000007],
			"faces": {
				"north": {"uv": [0, 0, 16, 16], "texture": "#0"},
				"east": {"uv": [0, 0, 16, 16], "texture": "#0"},
				"south": {"uv": [0, 0, 16, 16], "texture": "#0"},
				"west": {"uv": [0, 0, 16, 16], "texture": "#0"},
				"up": {"uv": [0, 0, 16, 16], "texture": "#0"},
				"down": {"uv": [0, 0, 16, 16], "texture": "#0"}
			}
		},
		{
			"name": "oak_stairs",
			"from": [5.6, -2.461538461538458, -4],
			"to": [
				10.4,
				2.3384615384615417,
				-1.5999999999999996
			],
			"faces": {
				"north": {"uv": [0, 0, 16, 16], "texture": "#0"},
				"east": {"uv": [0, 0, 16, 16], "texture": "#0"},
				"south": {"uv": [0, 0, 16, 16], "texture": "#0"},
				"west": {"uv": [0, 0, 16, 16], "texture": "#0"},
				"up": {"uv": [0, 0, 16, 8], "texture": "#0"},
				"down": {"uv": [0, 0, 16, 16], "texture": "#0"}
			}
		},
		{
			"name": "planks",
			"from": [0.8000000000000007, -2.461538461538458, -4],
			"to": [5.6, 2.3384615384615417, 0.8000000000000007],
			"faces": {
				"north": {"uv": [0, 0, 16, 16], "texture": "#0"},
				"east": {"uv": [0, 0, 16, 16], "texture": "#0"},
				"south": {"uv": [0, 0, 16, 16], "texture": "#0"},
				"west": {"uv": [0, 0, 16, 16], "texture": "#0"},
				"up": {"uv": [0, 0, 16, 16], "texture": "#0"},
				"down": {"uv": [0, 0, 16, 16], "texture": "#0"}
			}
		},
		{
			"name": "oak_stairs",
			"from": [0.8000000000000007, -7.261538461538457, -4],
			"to": [5.6, -2.461538461538458, 0.8000000000000007],
			"faces": {
				"north": {"uv": [0, 0, 16, 16], "texture": "#0"},
				"east": {"uv": [0, 0, 16, 16], "texture": "#0"},
				"south": {"uv": [0, 0, 16, 16], "texture": "#0"},
				"west": {"uv": [0, 0, 16, 16], "texture": "#0"},
				"up": {"uv": [0, 0, 16, 16], "texture": "#0"},
				"down": {"uv": [0, 0, 16, 16], "texture": "#0"}
			}
		},
		{
			"name": "oak_stairs",
			"from": [-4, -7.261538461538457, 0.8000000000000007],
			"to": [0.8000000000000007, -2.461538461538458, 5.6],
			"faces": {
				"north": {"uv": [0, 0, 16, 16], "texture": "#0"},
				"east": {"uv": [0, 0, 16, 16], "texture": "#0"},
				"south": {"uv": [0, 0, 16, 16], "texture": "#0"},
				"west": {"uv": [0, 0, 16, 16], "texture": "#0"},
				"up": {"uv": [0, 0, 16, 16], "texture": "#0"},
				"down": {"uv": [0, 0, 16, 16], "texture": "#0"}
			}
		},
		{
			"name": "planks",
			"from": [-4, -2.461538461538458, 0.8000000000000007],
			"to": [0.8000000000000007, 2.3384615384615417, 5.6],
			"faces": {
				"north": {"uv": [0, 0, 16, 16], "texture": "#0"},
				"east": {"uv": [0, 0, 16, 16], "texture": "#0"},
				"south": {"uv": [0, 0, 16, 16], "texture": "#0"},
				"west": {"uv": [0, 0, 16, 16], "texture": "#0"},
				"up": {"uv": [0, 0, 16, 16], "texture": "#0"},
				"down": {"uv": [0, 0, 16, 16], "texture": "#0"}
			}
		},
		{
			"name": "oak_stairs",
			"from": [-4, -2.461538461538458, 5.6],
			"to": [
				-1.5999999999999996,
				2.3384615384615417,
				10.4
			],
			"faces": {
				"north": {"uv": [0, 0, 16, 16], "texture": "#0"},
				"east": {"uv": [0, 0, 16, 16], "texture": "#0"},
				"south": {"uv": [0, 0, 16, 16], "texture": "#0"},
				"west": {"uv": [0, 0, 16, 16], "texture": "#0"},
				"up": {"uv": [0, 0, 8, 16], "texture": "#0"},
				"down": {"uv": [0, 0, 16, 16], "texture": "#0"}
			}
		},
		{
			"name": "planks",
			"from": [-4, -2.461538461538458, 10.4],
			"to": [0.8000000000000007, 2.3384615384615417, 15.2],
			"faces": {
				"north": {"uv": [0, 0, 16, 16], "texture": "#0"},
				"east": {"uv": [0, 0, 16, 16], "texture": "#0"},
				"south": {"uv": [0, 0, 16, 16], "texture": "#0"},
				"west": {"uv": [0, 0, 16, 16], "texture": "#0"},
				"up": {"uv": [0, 0, 16, 16], "texture": "#0"},
				"down": {"uv": [0, 0, 16, 16], "texture": "#0"}
			}
		},
		{
			"name": "oak_stairs",
			"from": [
				-1.5999999999999996,
				-2.461538461538458,
				5.6
			],
			"to": [
				0.8000000000000007,
				-0.06153846153845777,
				10.4
			],
			"faces": {
				"north": {"uv": [0, 0, 16, 16], "texture": "#0"},
				"east": {"uv": [0, 0, 16, 8], "texture": "#0"},
				"south": {"uv": [0, 0, 16, 16], "texture": "#0"},
				"west": {"uv": [0, 0, 16, 16], "texture": "#0"},
				"up": {"uv": [8, 0, 16, 16], "texture": "#0"},
				"down": {"uv": [0, 0, 16, 16], "texture": "#0"}
			}
		},
		{
			"name": "oak_stairs",
			"from": [
				5.6,
				-2.461538461538458,
				-1.5999999999999996
			],
			"to": [
				10.4,
				-0.06153846153845777,
				0.8000000000000007
			],
			"faces": {
				"north": {"uv": [0, 0, 16, 16], "texture": "#0"},
				"east": {"uv": [0, 0, 16, 16], "texture": "#0"},
				"south": {"uv": [0, 0, 16, 8], "texture": "#0"},
				"west": {"uv": [0, 0, 16, 16], "texture": "#0"},
				"up": {"uv": [0, 0, 16, 8], "texture": "#0"},
				"down": {"uv": [0, 0, 16, 16], "texture": "#0"}
			}
		},
		{
			"name": "oak_stairs",
			"from": [10.4, -7.261538461538457, 15.2],
			"to": [15.2, -2.461538461538458, 20],
			"faces": {
				"north": {"uv": [0, 0, 16, 16], "texture": "#0"},
				"east": {"uv": [0, 0, 16, 16], "texture": "#0"},
				"south": {"uv": [0, 0, 16, 16], "texture": "#0"},
				"west": {"uv": [0, 0, 16, 16], "texture": "#0"},
				"up": {"uv": [0, 0, 16, 16], "texture": "#0"},
				"down": {"uv": [0, 0, 16, 16], "texture": "#0"}
			}
		},
		{
			"name": "oak_stairs",
			"from": [5.6, -7.261538461538457, 15.2],
			"to": [10.4, -2.461538461538458, 20],
			"faces": {
				"north": {"uv": [0, 0, 16, 16], "texture": "#0"},
				"east": {"uv": [0, 0, 16, 16], "texture": "#0"},
				"south": {"uv": [0, 0, 16, 16], "texture": "#0"},
				"west": {"uv": [0, 0, 16, 16], "texture": "#0"},
				"up": {"uv": [0, 0, 16, 16], "texture": "#0"},
				"down": {"uv": [0, 0, 16, 16], "texture": "#0"}
			}
		},
		{
			"name": "planks",
			"from": [
				0.8000000000000007,
				-7.261538461538457,
				0.8000000000000007
			],
			"to": [5.6, -2.461538461538458, 5.6],
			"faces": {
				"north": {"uv": [0, 0, 16, 16], "texture": "#0"},
				"east": {"uv": [0, 0, 16, 16], "texture": "#0"},
				"south": {"uv": [0, 0, 16, 16], "texture": "#0"},
				"west": {"uv": [0, 0, 16, 16], "texture": "#0"},
				"up": {"uv": [0, 0, 16, 16], "texture": "#0"},
				"down": {"uv": [0, 0, 16, 16], "texture": "#0"}
			}
		},
		{
			"name": "planks",
			"from": [
				0.8000000000000007,
				16.738461538461543,
				0.8000000000000007
			],
			"to": [5.6, 21.53846153846154, 5.6],
			"faces": {
				"north": {"uv": [0, 0, 16, 16], "texture": "#0"},
				"east": {"uv": [0, 0, 16, 16], "texture": "#0"},
				"south": {"uv": [0, 0, 16, 16], "texture": "#0"},
				"west": {"uv": [0, 0, 16, 16], "texture": "#0"},
				"up": {"uv": [0, 0, 16, 16], "texture": "#0"},
				"down": {"uv": [0, 0, 16, 16], "texture": "#0"}
			}
		},
		{
			"name": "planks",
			"from": [
				5.6,
				-7.261538461538457,
				0.8000000000000007
			],
			"to": [10.4, -2.461538461538458, 5.6],
			"faces": {
				"north": {"uv": [0, 0, 16, 16], "texture": "#0"},
				"east": {"uv": [0, 0, 16, 16], "texture": "#0"},
				"south": {"uv": [0, 0, 16, 16], "texture": "#0"},
				"west": {"uv": [0, 0, 16, 16], "texture": "#0"},
				"up": {"uv": [0, 0, 16, 16], "texture": "#0"},
				"down": {"uv": [0, 0, 16, 16], "texture": "#0"}
			}
		},
		{
			"name": "planks",
			"from": [
				10.4,
				-7.261538461538457,
				0.8000000000000007
			],
			"to": [15.2, -2.461538461538458, 5.6],
			"faces": {
				"north": {"uv": [0, 0, 16, 16], "texture": "#0"},
				"east": {"uv": [0, 0, 16, 16], "texture": "#0"},
				"south": {"uv": [0, 0, 16, 16], "texture": "#0"},
				"west": {"uv": [0, 0, 16, 16], "texture": "#0"},
				"up": {"uv": [0, 0, 16, 16], "texture": "#0"},
				"down": {"uv": [0, 0, 16, 16], "texture": "#0"}
			}
		},
		{
			"name": "planks",
			"from": [
				10.4,
				16.738461538461543,
				0.8000000000000007
			],
			"to": [15.2, 21.53846153846154, 5.6],
			"faces": {
				"north": {"uv": [0, 0, 16, 16], "texture": "#0"},
				"east": {"uv": [0, 0, 16, 16], "texture": "#0"},
				"south": {"uv": [0, 0, 16, 16], "texture": "#0"},
				"west": {"uv": [0, 0, 16, 16], "texture": "#0"},
				"up": {"uv": [0, 0, 16, 16], "texture": "#0"},
				"down": {"uv": [0, 0, 16, 16], "texture": "#0"}
			}
		},
		{
			"name": "oak_stairs",
			"from": [-4, -7.261538461538457, 5.6],
			"to": [0.8000000000000007, -2.461538461538458, 10.4],
			"faces": {
				"north": {"uv": [0, 0, 16, 16], "texture": "#0"},
				"east": {"uv": [0, 0, 16, 16], "texture": "#0"},
				"south": {"uv": [0, 0, 16, 16], "texture": "#0"},
				"west": {"uv": [0, 0, 16, 16], "texture": "#0"},
				"up": {"uv": [0, 0, 16, 16], "texture": "#0"},
				"down": {"uv": [0, 0, 16, 16], "texture": "#0"}
			}
		},
		{
			"name": "planks",
			"from": [
				0.8000000000000007,
				-7.261538461538457,
				5.6
			],
			"to": [5.6, -2.461538461538458, 10.4],
			"faces": {
				"north": {"uv": [0, 0, 16, 16], "texture": "#0"},
				"east": {"uv": [0, 0, 16, 16], "texture": "#0"},
				"south": {"uv": [0, 0, 16, 16], "texture": "#0"},
				"west": {"uv": [0, 0, 16, 16], "texture": "#0"},
				"up": {"uv": [0, 0, 16, 16], "texture": "#0"},
				"down": {"uv": [0, 0, 16, 16], "texture": "#0"}
			}
		},
		{
			"name": "planks",
			"from": [5.6, -7.261538461538457, 5.6],
			"to": [10.4, -2.461538461538458, 10.4],
			"faces": {
				"north": {"uv": [0, 0, 16, 16], "texture": "#0"},
				"east": {"uv": [0, 0, 16, 16], "texture": "#0"},
				"south": {"uv": [0, 0, 16, 16], "texture": "#0"},
				"west": {"uv": [0, 0, 16, 16], "texture": "#0"},
				"up": {"uv": [0, 0, 16, 16], "texture": "#0"},
				"down": {"uv": [0, 0, 16, 16], "texture": "#0"}
			}
		},
		{
			"name": "planks",
			"from": [10.4, -7.261538461538457, 5.6],
			"to": [15.2, -2.461538461538458, 10.4],
			"faces": {
				"north": {"uv": [0, 0, 16, 16], "texture": "#0"},
				"east": {"uv": [0, 0, 16, 16], "texture": "#0"},
				"south": {"uv": [0, 0, 16, 16], "texture": "#0"},
				"west": {"uv": [0, 0, 16, 16], "texture": "#0"},
				"up": {"uv": [0, 0, 16, 16], "texture": "#0"},
				"down": {"uv": [0, 0, 16, 16], "texture": "#0"}
			}
		},
		{
			"name": "oak_stairs",
			"from": [15.2, -7.261538461538457, 5.6],
			"to": [20, -2.461538461538458, 10.4],
			"faces": {
				"north": {"uv": [0, 0, 16, 16], "texture": "#0"},
				"east": {"uv": [0, 0, 16, 16], "texture": "#0"},
				"south": {"uv": [0, 0, 16, 16], "texture": "#0"},
				"west": {"uv": [0, 0, 16, 16], "texture": "#0"},
				"up": {"uv": [0, 0, 16, 16], "texture": "#0"},
				"down": {"uv": [0, 0, 16, 16], "texture": "#0"}
			}
		},
		{
			"name": "oak_stairs",
			"from": [-4, -7.261538461538457, 10.4],
			"to": [0.8000000000000007, -2.461538461538458, 15.2],
			"faces": {
				"north": {"uv": [0, 0, 16, 16], "texture": "#0"},
				"east": {"uv": [0, 0, 16, 16], "texture": "#0"},
				"south": {"uv": [0, 0, 16, 16], "texture": "#0"},
				"west": {"uv": [0, 0, 16, 16], "texture": "#0"},
				"up": {"uv": [0, 0, 16, 16], "texture": "#0"},
				"down": {"uv": [0, 0, 16, 16], "texture": "#0"}
			}
		},
		{
			"name": "planks",
			"from": [
				0.8000000000000007,
				-7.261538461538457,
				10.4
			],
			"to": [5.6, -2.461538461538458, 15.2],
			"faces": {
				"north": {"uv": [0, 0, 16, 16], "texture": "#0"},
				"east": {"uv": [0, 0, 16, 16], "texture": "#0"},
				"south": {"uv": [0, 0, 16, 16], "texture": "#0"},
				"west": {"uv": [0, 0, 16, 16], "texture": "#0"},
				"up": {"uv": [0, 0, 16, 16], "texture": "#0"},
				"down": {"uv": [0, 0, 16, 16], "texture": "#0"}
			}
		},
		{
			"name": "planks",
			"from": [
				0.8000000000000007,
				16.738461538461543,
				10.4
			],
			"to": [5.6, 21.53846153846154, 15.2],
			"faces": {
				"north": {"uv": [0, 0, 16, 16], "texture": "#0"},
				"east": {"uv": [0, 0, 16, 16], "texture": "#0"},
				"south": {"uv": [0, 0, 16, 16], "texture": "#0"},
				"west": {"uv": [0, 0, 16, 16], "texture": "#0"},
				"up": {"uv": [0, 0, 16, 16], "texture": "#0"},
				"down": {"uv": [0, 0, 16, 16], "texture": "#0"}
			}
		},
		{
			"name": "planks",
			"from": [5.6, -7.261538461538457, 10.4],
			"to": [10.4, -2.461538461538458, 15.2],
			"faces": {
				"north": {"uv": [0, 0, 16, 16], "texture": "#0"},
				"east": {"uv": [0, 0, 16, 16], "texture": "#0"},
				"south": {"uv": [0, 0, 16, 16], "texture": "#0"},
				"west": {"uv": [0, 0, 16, 16], "texture": "#0"},
				"up": {"uv": [0, 0, 16, 16], "texture": "#0"},
				"down": {"uv": [0, 0, 16, 16], "texture": "#0"}
			}
		},
		{
			"name": "planks",
			"from": [10.4, -7.261538461538457, 10.4],
			"to": [15.2, -2.461538461538458, 15.2],
			"faces": {
				"north": {"uv": [0, 0, 16, 16], "texture": "#0"},
				"east": {"uv": [0, 0, 16, 16], "texture": "#0"},
				"south": {"uv": [0, 0, 16, 16], "texture": "#0"},
				"west": {"uv": [0, 0, 16, 16], "texture": "#0"},
				"up": {"uv": [0, 0, 16, 16], "texture": "#0"},
				"down": {"uv": [0, 0, 16, 16], "texture": "#0"}
			}
		},
		{
			"name": "fence",
			"from": [12.2, -2.461538461538458, 12.2],
			"to": [
				13.399999999999999,
				2.3384615384615417,
				13.399999999999999
			],
			"faces": {
				"north": {"uv": [0, 0, 4, 16], "texture": "#0"},
				"east": {"uv": [0, 0, 4, 16], "texture": "#0"},
				"south": {"uv": [0, 0, 4, 16], "texture": "#0"},
				"west": {"uv": [0, 0, 4, 16], "texture": "#0"}
			}
		},
		{
			"name": "planks",
			"from": [10.4, 16.738461538461543, 10.4],
			"to": [15.2, 21.53846153846154, 15.2],
			"faces": {
				"north": {"uv": [0, 0, 16, 16], "texture": "#0"},
				"east": {"uv": [0, 0, 16, 16], "texture": "#0"},
				"south": {"uv": [0, 0, 16, 16], "texture": "#0"},
				"west": {"uv": [0, 0, 16, 16], "texture": "#0"},
				"up": {"uv": [0, 0, 16, 16], "texture": "#0"},
				"down": {"uv": [0, 0, 16, 16], "texture": "#0"}
			}
		},
		{
			"name": "oak_stairs",
			"from": [15.2, -7.261538461538457, 10.4],
			"to": [20, -2.461538461538458, 15.2],
			"faces": {
				"north": {"uv": [0, 0, 16, 16], "texture": "#0"},
				"east": {"uv": [0, 0, 16, 16], "texture": "#0"},
				"south": {"uv": [0, 0, 16, 16], "texture": "#0"},
				"west": {"uv": [0, 0, 16, 16], "texture": "#0"},
				"up": {"uv": [0, 0, 16, 16], "texture": "#0"},
				"down": {"uv": [0, 0, 16, 16], "texture": "#0"}
			}
		},
		{
			"name": "oak_stairs",
			"from": [
				0.8000000000000007,
				-7.261538461538457,
				15.2
			],
			"to": [5.6, -2.461538461538458, 20],
			"faces": {
				"north": {"uv": [0, 0, 16, 16], "texture": "#0"},
				"east": {"uv": [0, 0, 16, 16], "texture": "#0"},
				"south": {"uv": [0, 0, 16, 16], "texture": "#0"},
				"west": {"uv": [0, 0, 16, 16], "texture": "#0"},
				"up": {"uv": [0, 0, 16, 16], "texture": "#0"},
				"down": {"uv": [0, 0, 16, 16], "texture": "#0"}
			}
		},
		{
			"name": "planks",
			"from": [
				0.8000000000000007,
				-2.461538461538458,
				15.2
			],
			"to": [5.6, 2.3384615384615417, 20],
			"faces": {
				"north": {"uv": [0, 0, 16, 16], "texture": "#0"},
				"east": {"uv": [0, 0, 16, 16], "texture": "#0"},
				"south": {"uv": [0, 0, 16, 16], "texture": "#0"},
				"west": {"uv": [0, 0, 16, 16], "texture": "#0"},
				"up": {"uv": [0, 0, 16, 16], "texture": "#0"},
				"down": {"uv": [0, 0, 16, 16], "texture": "#0"}
			}
		},
		{
			"name": "fence",
			"from": [12.2, 7.1384615384615415, 12.2],
			"to": [
				13.399999999999999,
				11.938461538461542,
				13.399999999999999
			],
			"faces": {
				"north": {"uv": [0, 0, 4, 16], "texture": "#0"},
				"east": {"uv": [0, 0, 4, 16], "texture": "#0"},
				"south": {"uv": [0, 0, 4, 16], "texture": "#0"},
				"west": {"uv": [0, 0, 4, 16], "texture": "#0"}
			}
		},
		{
			"name": "fence",
			"from": [12.2, 11.938461538461542, 12.2],
			"to": [
				13.399999999999999,
				16.738461538461543,
				13.399999999999999
			],
			"faces": {
				"north": {"uv": [0, 0, 4, 16], "texture": "#0"},
				"east": {"uv": [0, 0, 4, 16], "texture": "#0"},
				"south": {"uv": [0, 0, 4, 16], "texture": "#0"},
				"west": {"uv": [0, 0, 4, 16], "texture": "#0"}
			}
		},
		{
			"name": "fence",
			"from": [
				2.6000000000000005,
				7.1384615384615415,
				12.2
			],
			"to": [3.8, 11.938461538461542, 13.399999999999999],
			"faces": {
				"north": {"uv": [0, 0, 4, 16], "texture": "#0"},
				"east": {"uv": [0, 0, 4, 16], "texture": "#0"},
				"south": {"uv": [0, 0, 4, 16], "texture": "#0"},
				"west": {"uv": [0, 0, 4, 16], "texture": "#0"}
			}
		},
		{
			"name": "fence",
			"from": [
				2.6000000000000005,
				11.938461538461542,
				12.2
			],
			"to": [3.8, 16.738461538461543, 13.399999999999999],
			"faces": {
				"north": {"uv": [0, 0, 4, 16], "texture": "#0"},
				"east": {"uv": [0, 0, 4, 16], "texture": "#0"},
				"south": {"uv": [0, 0, 4, 16], "texture": "#0"},
				"west": {"uv": [0, 0, 4, 16], "texture": "#0"}
			}
		},
		{
			"name": "fence",
			"from": [
				2.6000000000000005,
				-2.461538461538458,
				12.2
			],
			"to": [3.8, 2.3384615384615417, 13.399999999999999],
			"faces": {
				"north": {"uv": [0, 0, 4, 16], "texture": "#0"},
				"east": {"uv": [0, 0, 4, 16], "texture": "#0"},
				"south": {"uv": [0, 0, 4, 16], "texture": "#0"},
				"west": {"uv": [0, 0, 4, 16], "texture": "#0"}
			}
		},
		{
			"name": "fence",
			"from": [
				2.6000000000000005,
				2.3384615384615417,
				12.2
			],
			"to": [3.8, 7.1384615384615415, 13.399999999999999],
			"faces": {
				"north": {"uv": [0, 0, 4, 16], "texture": "#0"},
				"east": {"uv": [0, 0, 4, 16], "texture": "#0"},
				"south": {"uv": [0, 0, 4, 16], "texture": "#0"},
				"west": {"uv": [0, 0, 4, 16], "texture": "#0"}
			}
		},
		{
			"name": "fence",
			"from": [
				12.2,
				-2.461538461538458,
				2.6000000000000005
			],
			"to": [13.399999999999999, 2.3384615384615417, 3.8],
			"faces": {
				"north": {"uv": [0, 0, 4, 16], "texture": "#0"},
				"east": {"uv": [0, 0, 4, 16], "texture": "#0"},
				"south": {"uv": [0, 0, 4, 16], "texture": "#0"},
				"west": {"uv": [0, 0, 4, 16], "texture": "#0"}
			}
		},
		{
			"name": "fence",
			"from": [
				12.2,
				2.3384615384615417,
				2.6000000000000005
			],
			"to": [13.399999999999999, 7.1384615384615415, 3.8],
			"faces": {
				"north": {"uv": [0, 0, 4, 16], "texture": "#0"},
				"east": {"uv": [0, 0, 4, 16], "texture": "#0"},
				"south": {"uv": [0, 0, 4, 16], "texture": "#0"},
				"west": {"uv": [0, 0, 4, 16], "texture": "#0"}
			}
		},
		{
			"name": "fence",
			"from": [
				12.2,
				7.1384615384615415,
				2.6000000000000005
			],
			"to": [13.399999999999999, 11.938461538461542, 3.8],
			"faces": {
				"north": {"uv": [0, 0, 4, 16], "texture": "#0"},
				"east": {"uv": [0, 0, 4, 16], "texture": "#0"},
				"south": {"uv": [0, 0, 4, 16], "texture": "#0"},
				"west": {"uv": [0, 0, 4, 16], "texture": "#0"}
			}
		},
		{
			"name": "fence",
			"from": [
				2.6000000000000005,
				2.3384615384615417,
				2.6000000000000005
			],
			"to": [3.8, 7.1384615384615415, 3.8],
			"faces": {
				"north": {"uv": [0, 0, 4, 16], "texture": "#0"},
				"east": {"uv": [0, 0, 4, 16], "texture": "#0"},
				"south": {"uv": [0, 0, 4, 16], "texture": "#0"},
				"west": {"uv": [0, 0, 4, 16], "texture": "#0"}
			}
		},
		{
			"name": "fence",
			"from": [
				2.6000000000000005,
				7.1384615384615415,
				2.6000000000000005
			],
			"to": [3.8, 11.938461538461542, 3.8],
			"faces": {
				"north": {"uv": [0, 0, 4, 16], "texture": "#0"},
				"east": {"uv": [0, 0, 4, 16], "texture": "#0"},
				"south": {"uv": [0, 0, 4, 16], "texture": "#0"},
				"west": {"uv": [0, 0, 4, 16], "texture": "#0"}
			}
		},
		{
			"name": "fence",
			"from": [
				2.6000000000000005,
				-2.461538461538458,
				2.6000000000000005
			],
			"to": [3.8, 2.3384615384615417, 3.8],
			"faces": {
				"north": {"uv": [0, 0, 4, 16], "texture": "#0"},
				"east": {"uv": [0, 0, 4, 16], "texture": "#0"},
				"south": {"uv": [0, 0, 4, 16], "texture": "#0"},
				"west": {"uv": [0, 0, 4, 16], "texture": "#0"}
			}
		},
		{
			"name": "fence",
			"from": [
				12.2,
				11.938461538461542,
				2.6000000000000005
			],
			"to": [13.399999999999999, 16.738461538461543, 3.8],
			"faces": {
				"north": {"uv": [0, 0, 4, 16], "texture": "#0"},
				"east": {"uv": [0, 0, 4, 16], "texture": "#0"},
				"south": {"uv": [0, 0, 4, 16], "texture": "#0"},
				"west": {"uv": [0, 0, 4, 16], "texture": "#0"}
			}
		},
		{
			"name": "fence",
			"from": [
				2.6000000000000005,
				11.938461538461542,
				2.6000000000000005
			],
			"to": [3.8, 16.738461538461543, 3.8],
			"faces": {
				"north": {"uv": [0, 0, 4, 16], "texture": "#0"},
				"east": {"uv": [0, 0, 4, 16], "texture": "#0"},
				"south": {"uv": [0, 0, 4, 16], "texture": "#0"},
				"west": {"uv": [0, 0, 4, 16], "texture": "#0"}
			}
		},
		{
			"name": "wool",
			"from": [5.6, 21.53846153846154, -8.8],
			"to": [10.4, 26.33846153846154, -4],
			"faces": {
				"north": {
					"uv": [0, 0, 16, 16],
					"texture": "#1",
					"tintindex": 0
				},
				"east": {
					"uv": [0, 0, 16, 16],
					"texture": "#1",
					"tintindex": 0
				},
				"south": {
					"uv": [0, 0, 16, 16],
					"texture": "#1",
					"tintindex": 0
				},
				"west": {
					"uv": [0, 0, 16, 16],
					"texture": "#1",
					"tintindex": 0
				},
				"up": {
					"uv": [0, 0, 16, 16],
					"texture": "#1",
					"tintindex": 0
				},
				"down": {
					"uv": [0, 0, 16, 16],
					"texture": "#1",
					"tintindex": 0
				}
			}
		},
		{
			"name": "wool",
			"from": [0.8000000000000007, 16.738461538461543, -4],
			"to": [5.6, 21.53846153846154, 0.8000000000000007],
			"faces": {
				"north": {
					"uv": [0, 0, 16, 16],
					"texture": "#1",
					"tintindex": 0
				},
				"east": {
					"uv": [0, 0, 16, 16],
					"texture": "#1",
					"tintindex": 0
				},
				"south": {
					"uv": [0, 0, 16, 16],
					"texture": "#1",
					"tintindex": 0
				},
				"west": {
					"uv": [0, 0, 16, 16],
					"texture": "#1",
					"tintindex": 0
				},
				"up": {
					"uv": [0, 0, 16, 16],
					"texture": "#1",
					"tintindex": 0
				},
				"down": {
					"uv": [0, 0, 16, 16],
					"texture": "#1",
					"tintindex": 0
				}
			}
		},
		{
			"name": "wool",
			"from": [0.8000000000000007, 21.53846153846154, -4],
			"to": [5.6, 26.33846153846154, 0.8000000000000007],
			"faces": {
				"north": {
					"uv": [0, 0, 16, 16],
					"texture": "#1",
					"tintindex": 0
				},
				"east": {
					"uv": [0, 0, 16, 16],
					"texture": "#1",
					"tintindex": 0
				},
				"south": {
					"uv": [0, 0, 16, 16],
					"texture": "#1",
					"tintindex": 0
				},
				"west": {
					"uv": [0, 0, 16, 16],
					"texture": "#1",
					"tintindex": 0
				},
				"up": {
					"uv": [0, 0, 16, 16],
					"texture": "#1",
					"tintindex": 0
				},
				"down": {
					"uv": [0, 0, 16, 16],
					"texture": "#1",
					"tintindex": 0
				}
			}
		},
		{
			"name": "wool",
			"from": [5.6, 16.738461538461543, -4],
			"to": [10.4, 21.53846153846154, 0.8000000000000007],
			"faces": {
				"north": {
					"uv": [0, 0, 16, 16],
					"texture": "#1",
					"tintindex": 0
				},
				"east": {
					"uv": [0, 0, 16, 16],
					"texture": "#1",
					"tintindex": 0
				},
				"south": {
					"uv": [0, 0, 16, 16],
					"texture": "#1",
					"tintindex": 0
				},
				"west": {
					"uv": [0, 0, 16, 16],
					"texture": "#1",
					"tintindex": 0
				},
				"up": {
					"uv": [0, 0, 16, 16],
					"texture": "#1",
					"tintindex": 0
				},
				"down": {
					"uv": [0, 0, 16, 16],
					"texture": "#1",
					"tintindex": 0
				}
			}
		},
		{
			"name": "wool",
			"from": [10.4, 16.738461538461543, -4],
			"to": [15.2, 21.53846153846154, 0.8000000000000007],
			"faces": {
				"north": {
					"uv": [0, 0, 16, 16],
					"texture": "#1",
					"tintindex": 0
				},
				"east": {
					"uv": [0, 0, 16, 16],
					"texture": "#1",
					"tintindex": 0
				},
				"south": {
					"uv": [0, 0, 16, 16],
					"texture": "#1",
					"tintindex": 0
				},
				"west": {
					"uv": [0, 0, 16, 16],
					"texture": "#1",
					"tintindex": 0
				},
				"up": {
					"uv": [0, 0, 16, 16],
					"texture": "#1",
					"tintindex": 0
				},
				"down": {
					"uv": [0, 0, 16, 16],
					"texture": "#1",
					"tintindex": 0
				}
			}
		},
		{
			"name": "wool",
			"from": [10.4, 21.53846153846154, -4],
			"to": [15.2, 26.33846153846154, 0.8000000000000007],
			"faces": {
				"north": {
					"uv": [0, 0, 16, 16],
					"texture": "#1",
					"tintindex": 0
				},
				"east": {
					"uv": [0, 0, 16, 16],
					"texture": "#1",
					"tintindex": 0
				},
				"south": {
					"uv": [0, 0, 16, 16],
					"texture": "#1",
					"tintindex": 0
				},
				"west": {
					"uv": [0, 0, 16, 16],
					"texture": "#1",
					"tintindex": 0
				},
				"up": {
					"uv": [0, 0, 16, 16],
					"texture": "#1",
					"tintindex": 0
				},
				"down": {
					"uv": [0, 0, 16, 16],
					"texture": "#1",
					"tintindex": 0
				}
			}
		},
		{
			"name": "wool",
			"from": [-4, 16.738461538461543, 0.8000000000000007],
			"to": [0.8000000000000007, 21.53846153846154, 5.6],
			"faces": {
				"north": {
					"uv": [0, 0, 16, 16],
					"texture": "#1",
					"tintindex": 0
				},
				"east": {
					"uv": [0, 0, 16, 16],
					"texture": "#1",
					"tintindex": 0
				},
				"south": {
					"uv": [0, 0, 16, 16],
					"texture": "#1",
					"tintindex": 0
				},
				"west": {
					"uv": [0, 0, 16, 16],
					"texture": "#1",
					"tintindex": 0
				},
				"up": {
					"uv": [0, 0, 16, 16],
					"texture": "#1",
					"tintindex": 0
				},
				"down": {
					"uv": [0, 0, 16, 16],
					"texture": "#1",
					"tintindex": 0
				}
			}
		},
		{
			"name": "wool",
			"from": [-4, 21.53846153846154, 0.8000000000000007],
			"to": [0.8000000000000007, 26.33846153846154, 5.6],
			"faces": {
				"north": {
					"uv": [0, 0, 16, 16],
					"texture": "#1",
					"tintindex": 0
				},
				"east": {
					"uv": [0, 0, 16, 16],
					"texture": "#1",
					"tintindex": 0
				},
				"south": {
					"uv": [0, 0, 16, 16],
					"texture": "#1",
					"tintindex": 0
				},
				"west": {
					"uv": [0, 0, 16, 16],
					"texture": "#1",
					"tintindex": 0
				},
				"up": {
					"uv": [0, 0, 16, 16],
					"texture": "#1",
					"tintindex": 0
				},
				"down": {
					"uv": [0, 0, 16, 16],
					"texture": "#1",
					"tintindex": 0
				}
			}
		},
		{
			"name": "wool",
			"from": [
				15.2,
				16.738461538461543,
				0.8000000000000007
			],
			"to": [20, 21.53846153846154, 5.6],
			"faces": {
				"north": {
					"uv": [0, 0, 16, 16],
					"texture": "#1",
					"tintindex": 0
				},
				"east": {
					"uv": [0, 0, 16, 16],
					"texture": "#1",
					"tintindex": 0
				},
				"south": {
					"uv": [0, 0, 16, 16],
					"texture": "#1",
					"tintindex": 0
				},
				"west": {
					"uv": [0, 0, 16, 16],
					"texture": "#1",
					"tintindex": 0
				},
				"up": {
					"uv": [0, 0, 16, 16],
					"texture": "#1",
					"tintindex": 0
				},
				"down": {
					"uv": [0, 0, 16, 16],
					"texture": "#1",
					"tintindex": 0
				}
			}
		},
		{
			"name": "wool",
			"from": [
				15.2,
				21.53846153846154,
				0.8000000000000007
			],
			"to": [20, 26.33846153846154, 5.6],
			"faces": {
				"north": {
					"uv": [0, 0, 16, 16],
					"texture": "#1",
					"tintindex": 0
				},
				"east": {
					"uv": [0, 0, 16, 16],
					"texture": "#1",
					"tintindex": 0
				},
				"south": {
					"uv": [0, 0, 16, 16],
					"texture": "#1",
					"tintindex": 0
				},
				"west": {
					"uv": [0, 0, 16, 16],
					"texture": "#1",
					"tintindex": 0
				},
				"up": {
					"uv": [0, 0, 16, 16],
					"texture": "#1",
					"tintindex": 0
				},
				"down": {
					"uv": [0, 0, 16, 16],
					"texture": "#1",
					"tintindex": 0
				}
			}
		},
		{
			"name": "wool",
			"from": [-8.8, 21.53846153846154, 5.6],
			"to": [-4, 26.33846153846154, 10.4],
			"faces": {
				"north": {
					"uv": [0, 0, 16, 16],
					"texture": "#1",
					"tintindex": 0
				},
				"east": {
					"uv": [0, 0, 16, 16],
					"texture": "#1",
					"tintindex": 0
				},
				"south": {
					"uv": [0, 0, 16, 16],
					"texture": "#1",
					"tintindex": 0
				},
				"west": {
					"uv": [0, 0, 16, 16],
					"texture": "#1",
					"tintindex": 0
				},
				"up": {
					"uv": [0, 0, 16, 16],
					"texture": "#1",
					"tintindex": 0
				},
				"down": {
					"uv": [0, 0, 16, 16],
					"texture": "#1",
					"tintindex": 0
				}
			}
		},
		{
			"name": "wool",
			"from": [-4, 16.738461538461543, 5.6],
			"to": [0.8000000000000007, 21.53846153846154, 10.4],
			"faces": {
				"north": {
					"uv": [0, 0, 16, 16],
					"texture": "#1",
					"tintindex": 0
				},
				"east": {
					"uv": [0, 0, 16, 16],
					"texture": "#1",
					"tintindex": 0
				},
				"south": {
					"uv": [0, 0, 16, 16],
					"texture": "#1",
					"tintindex": 0
				},
				"west": {
					"uv": [0, 0, 16, 16],
					"texture": "#1",
					"tintindex": 0
				},
				"up": {
					"uv": [0, 0, 16, 16],
					"texture": "#1",
					"tintindex": 0
				},
				"down": {
					"uv": [0, 0, 16, 16],
					"texture": "#1",
					"tintindex": 0
				}
			}
		},
		{
			"name": "wool",
			"from": [15.2, 16.738461538461543, 5.6],
			"to": [20, 21.53846153846154, 10.4],
			"faces": {
				"north": {
					"uv": [0, 0, 16, 16],
					"texture": "#1",
					"tintindex": 0
				},
				"east": {
					"uv": [0, 0, 16, 16],
					"texture": "#1",
					"tintindex": 0
				},
				"south": {
					"uv": [0, 0, 16, 16],
					"texture": "#1",
					"tintindex": 0
				},
				"west": {
					"uv": [0, 0, 16, 16],
					"texture": "#1",
					"tintindex": 0
				},
				"up": {
					"uv": [0, 0, 16, 16],
					"texture": "#1",
					"tintindex": 0
				},
				"down": {
					"uv": [0, 0, 16, 16],
					"texture": "#1",
					"tintindex": 0
				}
			}
		},
		{
			"name": "wool",
			"from": [20, 21.53846153846154, 5.6],
			"to": [24.8, 26.33846153846154, 10.4],
			"faces": {
				"north": {
					"uv": [0, 0, 16, 16],
					"texture": "#1",
					"tintindex": 0
				},
				"east": {
					"uv": [0, 0, 16, 16],
					"texture": "#1",
					"tintindex": 0
				},
				"south": {
					"uv": [0, 0, 16, 16],
					"texture": "#1",
					"tintindex": 0
				},
				"west": {
					"uv": [0, 0, 16, 16],
					"texture": "#1",
					"tintindex": 0
				},
				"up": {
					"uv": [0, 0, 16, 16],
					"texture": "#1",
					"tintindex": 0
				},
				"down": {
					"uv": [0, 0, 16, 16],
					"texture": "#1",
					"tintindex": 0
				}
			}
		},
		{
			"name": "wool",
			"from": [-4, 16.738461538461543, 10.4],
			"to": [0.8000000000000007, 21.53846153846154, 15.2],
			"faces": {
				"north": {
					"uv": [0, 0, 16, 16],
					"texture": "#1",
					"tintindex": 0
				},
				"east": {
					"uv": [0, 0, 16, 16],
					"texture": "#1",
					"tintindex": 0
				},
				"south": {
					"uv": [0, 0, 16, 16],
					"texture": "#1",
					"tintindex": 0
				},
				"west": {
					"uv": [0, 0, 16, 16],
					"texture": "#1",
					"tintindex": 0
				},
				"up": {
					"uv": [0, 0, 16, 16],
					"texture": "#1",
					"tintindex": 0
				},
				"down": {
					"uv": [0, 0, 16, 16],
					"texture": "#1",
					"tintindex": 0
				}
			}
		},
		{
			"name": "wool",
			"from": [15.2, 16.738461538461543, 10.4],
			"to": [20, 21.53846153846154, 15.2],
			"faces": {
				"north": {
					"uv": [0, 0, 16, 16],
					"texture": "#1",
					"tintindex": 0
				},
				"east": {
					"uv": [0, 0, 16, 16],
					"texture": "#1",
					"tintindex": 0
				},
				"south": {
					"uv": [0, 0, 16, 16],
					"texture": "#1",
					"tintindex": 0
				},
				"west": {
					"uv": [0, 0, 16, 16],
					"texture": "#1",
					"tintindex": 0
				},
				"up": {
					"uv": [0, 0, 16, 16],
					"texture": "#1",
					"tintindex": 0
				},
				"down": {
					"uv": [0, 0, 16, 16],
					"texture": "#1",
					"tintindex": 0
				}
			}
		},
		{
			"name": "wool",
			"from": [
				0.8000000000000007,
				21.53846153846154,
				15.2
			],
			"to": [5.6, 26.33846153846154, 20],
			"faces": {
				"north": {
					"uv": [0, 0, 16, 16],
					"texture": "#1",
					"tintindex": 0
				},
				"east": {
					"uv": [0, 0, 16, 16],
					"texture": "#1",
					"tintindex": 0
				},
				"south": {
					"uv": [0, 0, 16, 16],
					"texture": "#1",
					"tintindex": 0
				},
				"west": {
					"uv": [0, 0, 16, 16],
					"texture": "#1",
					"tintindex": 0
				},
				"up": {
					"uv": [0, 0, 16, 16],
					"texture": "#1",
					"tintindex": 0
				},
				"down": {
					"uv": [0, 0, 16, 16],
					"texture": "#1",
					"tintindex": 0
				}
			}
		},
		{
			"name": "wool",
			"from": [5.6, 21.53846153846154, 20],
			"to": [10.4, 26.33846153846154, 24.8],
			"faces": {
				"north": {
					"uv": [0, 0, 16, 16],
					"texture": "#1",
					"tintindex": 0
				},
				"east": {
					"uv": [0, 0, 16, 16],
					"texture": "#1",
					"tintindex": 0
				},
				"south": {
					"uv": [0, 0, 16, 16],
					"texture": "#1",
					"tintindex": 0
				},
				"west": {
					"uv": [0, 0, 16, 16],
					"texture": "#1",
					"tintindex": 0
				},
				"up": {
					"uv": [0, 0, 16, 16],
					"texture": "#1",
					"tintindex": 0
				},
				"down": {
					"uv": [0, 0, 16, 16],
					"texture": "#1",
					"tintindex": 0
				}
			}
		},
		{
			"name": "wool",
			"from": [10.4, 21.53846153846154, 15.2],
			"to": [15.2, 26.33846153846154, 20],
			"faces": {
				"north": {
					"uv": [0, 0, 16, 16],
					"texture": "#1",
					"tintindex": 0
				},
				"east": {
					"uv": [0, 0, 16, 16],
					"texture": "#1",
					"tintindex": 0
				},
				"south": {
					"uv": [0, 0, 16, 16],
					"texture": "#1",
					"tintindex": 0
				},
				"west": {
					"uv": [0, 0, 16, 16],
					"texture": "#1",
					"tintindex": 0
				},
				"up": {
					"uv": [0, 0, 16, 16],
					"texture": "#1",
					"tintindex": 0
				},
				"down": {
					"uv": [0, 0, 16, 16],
					"texture": "#1",
					"tintindex": 0
				}
			}
		},
		{
			"name": "wool",
			"from": [10.4, 16.738461538461543, 15.2],
			"to": [15.2, 21.53846153846154, 20],
			"faces": {
				"north": {
					"uv": [0, 0, 16, 16],
					"texture": "#1",
					"tintindex": 0
				},
				"east": {
					"uv": [0, 0, 16, 16],
					"texture": "#1",
					"tintindex": 0
				},
				"south": {
					"uv": [0, 0, 16, 16],
					"texture": "#1",
					"tintindex": 0
				},
				"west": {
					"uv": [0, 0, 16, 16],
					"texture": "#1",
					"tintindex": 0
				},
				"up": {
					"uv": [0, 0, 16, 16],
					"texture": "#1",
					"tintindex": 0
				},
				"down": {
					"uv": [0, 0, 16, 16],
					"texture": "#1",
					"tintindex": 0
				}
			}
		},
		{
			"name": "wool",
			"from": [5.6, 16.738461538461543, 15.2],
			"to": [10.4, 21.53846153846154, 20],
			"faces": {
				"north": {
					"uv": [0, 0, 16, 16],
					"texture": "#1",
					"tintindex": 0
				},
				"east": {
					"uv": [0, 0, 16, 16],
					"texture": "#1",
					"tintindex": 0
				},
				"south": {
					"uv": [0, 0, 16, 16],
					"texture": "#1",
					"tintindex": 0
				},
				"west": {
					"uv": [0, 0, 16, 16],
					"texture": "#1",
					"tintindex": 0
				},
				"up": {
					"uv": [0, 0, 16, 16],
					"texture": "#1",
					"tintindex": 0
				},
				"down": {
					"uv": [0, 0, 16, 16],
					"texture": "#1",
					"tintindex": 0
				}
			}
		},
		{
			"name": "wool",
			"from": [
				0.8000000000000007,
				16.738461538461543,
				15.2
			],
			"to": [5.6, 21.53846153846154, 20],
			"faces": {
				"north": {
					"uv": [0, 0, 16, 16],
					"texture": "#1",
					"tintindex": 0
				},
				"east": {
					"uv": [0, 0, 16, 16],
					"texture": "#1",
					"tintindex": 0
				},
				"south": {
					"uv": [0, 0, 16, 16],
					"texture": "#1",
					"tintindex": 0
				},
				"west": {
					"uv": [0, 0, 16, 16],
					"texture": "#1",
					"tintindex": 0
				},
				"up": {
					"uv": [0, 0, 16, 16],
					"texture": "#1",
					"tintindex": 0
				},
				"down": {
					"uv": [0, 0, 16, 16],
					"texture": "#1",
					"tintindex": 0
				}
			}
		},
		{
			"name": "wool",
			"from": [15.2, 21.53846153846154, 10.4],
			"to": [20, 26.33846153846154, 15.2],
			"faces": {
				"north": {
					"uv": [0, 0, 16, 16],
					"texture": "#1",
					"tintindex": 0
				},
				"east": {
					"uv": [0, 0, 16, 16],
					"texture": "#1",
					"tintindex": 0
				},
				"south": {
					"uv": [0, 0, 16, 16],
					"texture": "#1",
					"tintindex": 0
				},
				"west": {
					"uv": [0, 0, 16, 16],
					"texture": "#1",
					"tintindex": 0
				},
				"up": {
					"uv": [0, 0, 16, 16],
					"texture": "#1",
					"tintindex": 0
				},
				"down": {
					"uv": [0, 0, 16, 16],
					"texture": "#1",
					"tintindex": 0
				}
			}
		},
		{
			"name": "wool",
			"from": [-4, 21.53846153846154, 10.4],
			"to": [0.8000000000000007, 26.33846153846154, 15.2],
			"faces": {
				"north": {
					"uv": [0, 0, 16, 16],
					"texture": "#1",
					"tintindex": 0
				},
				"east": {
					"uv": [0, 0, 16, 16],
					"texture": "#1",
					"tintindex": 0
				},
				"south": {
					"uv": [0, 0, 16, 16],
					"texture": "#1",
					"tintindex": 0
				},
				"west": {
					"uv": [0, 0, 16, 16],
					"texture": "#1",
					"tintindex": 0
				},
				"up": {
					"uv": [0, 0, 16, 16],
					"texture": "#1",
					"tintindex": 0
				},
				"down": {
					"uv": [0, 0, 16, 16],
					"texture": "#1",
					"tintindex": 0
				}
			}
		}
	],
	"display": {
		"thirdperson_righthand": {
			"scale": [3.2, 3.2, 3.2],
			"rotation": [90, 0, 0],
			"translation": [-5.5, 0, 24]
		}
	},
	"groups": [
		{
			"name": "structure",
			"isOpen": true,
			"shade": true,
			"display": {"visibility": true, "autouv": false},
			"children": [0]
		},
		{
			"name": "wood",
			"isOpen": true,
			"shade": true,
			"display": {"visibility": true, "autouv": false},
			"children": [
				1,
				2,
				3,
				4,
				5,
				6,
				7,
				8,
				9,
				10,
				11,
				12,
				13,
				14,
				15,
				16,
				17,
				18,
				19,
				20,
				21,
				22,
				23,
				24,
				25,
				26,
				27,
				28,
				29,
				30,
				31,
				32,
				33,
				34,
				35,
				36,
				37,
				38,
				39,
				40,
				41,
				42,
				43,
				44,
				45,
				46,
				47,
				48,
				49,
				50,
				51,
				52,
				53,
				54,
				55,
				56,
				57
			]
		},
		{
			"name": "wool",
			"isOpen": false,
			"shade": true,
			"display": {"visibility": true, "autouv": false},
			"children": [
				58,
				59,
				60,
				61,
				62,
				63,
				64,
				65,
				66,
				67,
				68,
				69,
				70,
				71,
				72,
				73,
				74,
				75,
				76,
				77,
				78,
				79,
				80,
				81
			]
		}
	]
}