{
	"credit": "Made with Blockbench, a free, modern block model editor by JannisX11",
	"textures": {
		"layer1": "items/balloon_rubber",
		"particle": "items/balloon_rubber"
	},
	"elements": [
		{
			"name": "cube",
			"from": [0, 13, 6.5],
			"to": [16, 18, 9.5],
			"faces": {
				"east": {
					"uv": [9.5, 3, 6.5, 0],
					"texture": "#layer1",
					"tintindex": 0
				},
				"west": {
					"uv": [6.5, 0, 9.5, 3],
					"texture": "#layer1",
					"tintindex": 0
				},
				"up": {
					"uv": [0, 6.5, 16, 9.5],
					"texture": "#layer1",
					"rotation": 90,
					"tintindex": 0
				},
				"down": {
					"uv": [0, 6.5, 16, 9.5],
					"texture": "#layer1",
					"rotation": 270,
					"tintindex": 0
				}
			}
		},
		{
			"name": "cube",
			"from": [
				-1.6902589940310355,
				13,
				2.9975031240723053
			],
			"to": [14.239864264335635, 18, 6.348799600934445],
			"rotation": {
				"angle": 22.5,
				"axis": "y",
				"origin": [
					15.49999999824782,
					15.5,
					1.9999998451567054
				]
			},
			"faces": {
				"north": {
					"uv": [1.760135735664365, 0, 16, 3],
					"texture": "#layer1",
					"tintindex": 0
				},
				"east": {
					"uv": [
						13.002496875927694,
						3,
						9.651200399065555,
						0
					],
					"texture": "#layer1",
					"tintindex": 0
				},
				"south": {
					"uv": [0, 0, 14.239864264335635, 3],
					"texture": "#layer1",
					"tintindex": 0
				},
				"west": {
					"uv": [
						2.9975031240723053,
						0,
						6.348799600934445,
						3
					],
					"texture": "#layer1",
					"tintindex": 0
				},
				"up": {
					"uv": [
						0,
						2.9975031240723053,
						14.239864264335635,
						6.348799600934445
					],
					"texture": "#layer1",
					"rotation": 90,
					"tintindex": 0
				},
				"down": {
					"uv": [
						0,
						9.651200399065555,
						14.239864264335635,
						13.002496875927694
					],
					"texture": "#layer1",
					"rotation": 270,
					"tintindex": 0
				}
			}
		},
		{
			"name": "cube",
			"from": [2.1803768581610328, 13, 13.236104658017702],
			"to": [17.91150622938681, 18, 16.885215859185298],
			"rotation": {
				"angle": 45,
				"axis": "y",
				"origin": [
					0.4999999627387126,
					15.5,
					14.000000132075535
				]
			},
			"faces": {
				"east": {
					"uv": [2.7638953419822982, 3, 0, 0],
					"texture": "#layer1",
					"tintindex": 0
				},
				"west": {
					"uv": [13.236104658017702, 0, 16, 3],
					"texture": "#layer1",
					"tintindex": 0
				},
				"up": {
					"uv": [
						2.1803768581610328,
						13.236104658017702,
						16,
						16
					],
					"texture": "#layer1",
					"rotation": 270,
					"tintindex": 0
				},
				"down": {
					"uv": [
						2.1803768581610328,
						0,
						16,
						2.7638953419822982
					],
					"texture": "#layer1",
					"rotation": 90,
					"tintindex": 0
				}
			}
		},
		{
			"name": "cube",
			"from": [
				3.4573476910407726,
				13,
				-2.3784648306100196
			],
			"to": [6.80864416790291, 18, 13.55165842775665],
			"rotation": {
				"angle": -22.5,
				"axis": "y",
				"origin": [
					0.49999993257959474,
					15.5,
					13.999999950158264
				]
			},
			"faces": {
				"north": {
					"uv": [9.19135583209709, 0, 12.542652308959227, 3],
					"texture": "#layer1",
					"tintindex": 0
				},
				"east": {
					"uv": [16, 3, 2.4483415722433506, 0],
					"texture": "#layer1",
					"tintindex": 0
				},
				"south": {
					"uv": [3.4573476910407726, 0, 6.80864416790291, 3],
					"texture": "#layer1",
					"tintindex": 0
				},
				"west": {
					"uv": [0, 0, 13.55165842775665, 3],
					"texture": "#layer1",
					"tintindex": 0
				},
				"up": {
					"uv": [
						3.4573476910407726,
						0,
						6.80864416790291,
						13.55165842775665
					],
					"texture": "#layer1",
					"rotation": 180,
					"tintindex": 0
				},
				"down": {
					"uv": [
						3.4573476910407726,
						2.4483415722433506,
						6.80864416790291,
						16
					],
					"texture": "#layer1",
					"rotation": 180,
					"tintindex": 0
				}
			}
		},
		{
			"name": "cube",
			"from": [6.5, 13, 0],
			"to": [9.5, 18, 16],
			"faces": {
				"north": {
					"uv": [6.5, 0, 9.5, 3],
					"texture": "#layer1",
					"tintindex": 0
				},
				"south": {
					"uv": [6.5, 0, 9.5, 3],
					"texture": "#layer1",
					"tintindex": 0
				},
				"up": {
					"uv": [6.5, 0, 9.5, 16],
					"texture": "#layer1",
					"rotation": 180,
					"tintindex": 0
				},
				"down": {
					"uv": [6.5, 0, 9.5, 16],
					"texture": "#layer1",
					"rotation": 180,
					"tintindex": 0
				}
			}
		},
		{
			"name": "cube",
			"from": [9.65120039297135, 13, -1.6902586006622435],
			"to": [13.002496675376404, 18, 14.239864254564932],
			"rotation": {
				"angle": 22.5,
				"axis": "y",
				"origin": [
					14.00000011260641,
					15.5,
					15.49999998789771
				]
			},
			"faces": {
				"north": {
					"uv": [
						2.9975033246235956,
						0,
						6.348799607028649,
						3
					],
					"texture": "#layer1",
					"tintindex": 0
				},
				"east": {
					"uv": [16, 3, 1.7601357454350683, 0],
					"texture": "#layer1",
					"tintindex": 0
				},
				"south": {
					"uv": [9.65120039297135, 0, 13.002496675376404, 3],
					"texture": "#layer1",
					"tintindex": 0
				},
				"west": {
					"uv": [0, 0, 14.239864254564932, 3],
					"texture": "#layer1",
					"tintindex": 0
				},
				"up": {
					"uv": [
						9.65120039297135,
						0,
						13.002496675376404,
						14.239864254564932
					],
					"texture": "#layer1",
					"rotation": 180,
					"tintindex": 0
				},
				"down": {
					"uv": [
						9.65120039297135,
						1.7601357454350683,
						13.002496675376404,
						16
					],
					"texture": "#layer1",
					"rotation": 180,
					"tintindex": 0
				}
			}
		},
		{
			"name": "cube",
			"from": [
				13.236104815459717,
				13,
				-1.9115062883598561
			],
			"to": [16.885215755323504, 18, 13.819623065056845],
			"rotation": {
				"angle": 45,
				"axis": "y",
				"origin": [
					14.000000190918726,
					15.5,
					15.499999960479165
				]
			},
			"faces": {
				"north": {
					"uv": [0, 0, 2.7638951845402833, 3],
					"texture": "#layer1",
					"tintindex": 0
				},
				"south": {
					"uv": [13.236104815459717, 0, 16, 3],
					"texture": "#layer1",
					"tintindex": 0
				},
				"up": {
					"uv": [
						13.236104815459717,
						0,
						16,
						13.819623065056845
					],
					"texture": "#layer1",
					"rotation": 180,
					"tintindex": 0
				},
				"down": {
					"uv": [
						13.236104815459717,
						2.1803769349431548,
						16,
						16
					],
					"texture": "#layer1",
					"rotation": 180,
					"tintindex": 0
				}
			}
		},
		{
			"name": "cube",
			"from": [-2.3784648306100205, 13, 9.191355772492447],
			"to": [13.551658427756651, 18, 12.542652249354582],
			"rotation": {
				"angle": -22.5,
				"axis": "y",
				"origin": [
					14.000000009001456,
					15.5,
					15.499999990638283
				]
			},
			"faces": {
				"north": {
					"uv": [2.448341572243349, 0, 16, 3],
					"texture": "#layer1",
					"tintindex": 0
				},
				"east": {
					"uv": [6.808644227507553, 3, 3.457347750645418, 0],
					"texture": "#layer1",
					"tintindex": 0
				},
				"south": {
					"uv": [0, 0, 13.551658427756651, 3],
					"texture": "#layer1",
					"tintindex": 0
				},
				"west": {
					"uv": [
						9.191355772492447,
						0,
						12.542652249354582,
						3
					],
					"texture": "#layer1",
					"tintindex": 0
				},
				"up": {
					"uv": [
						0,
						9.191355772492447,
						13.551658427756651,
						12.542652249354582
					],
					"texture": "#layer1",
					"rotation": 90,
					"tintindex": 0
				},
				"down": {
					"uv": [
						0,
						3.457347750645418,
						13.551658427756651,
						6.808644227507553
					],
					"texture": "#layer1",
					"rotation": 270,
					"tintindex": 0
				}
			}
		},
		{
			"name": "cube",
			"from": [
				1.297407999999999,
				9.8924,
				6.743263999999999
			],
			"to": [
				14.702592000000001,
				21.08152,
				9.256736000000002
			],
			"faces": {
				"east": {
					"uv": [9.256736, 6.1076, 6.743263999999998, 0],
					"texture": "#layer1",
					"tintindex": 0
				},
				"west": {
					"uv": [
						6.743263999999999,
						0,
						9.256736000000002,
						6.1076
					],
					"texture": "#layer1",
					"tintindex": 0
				},
				"up": {
					"uv": [
						1.297407999999999,
						6.743263999999999,
						14.702592000000001,
						9.256736000000002
					],
					"texture": "#layer1",
					"rotation": 90,
					"tintindex": 0
				},
				"down": {
					"uv": [
						1.297407999999999,
						6.743263999999998,
						14.702592000000001,
						9.256736
					],
					"texture": "#layer1",
					"rotation": 270,
					"tintindex": 0
				}
			}
		},
		{
			"name": "cube",
			"from": [
				-0.1187313231846332,
				9.8924,
				3.808788268295702
			],
			"to": [
				13.22790803788818,
				21.08152,
				6.616584646572095
			],
			"rotation": {
				"angle": 22.5,
				"axis": "y",
				"origin": [
					14.283679998531984,
					12.236960000000002,
					2.9730558702685714
				]
			},
			"faces": {
				"north": {
					"uv": [2.772091962111819, 0, 16, 6.1076],
					"texture": "#layer1",
					"tintindex": 0
				},
				"east": {
					"uv": [
						12.191211731704298,
						6.1076,
						9.383415353427905,
						0
					],
					"texture": "#layer1",
					"tintindex": 0
				},
				"south": {
					"uv": [0, 0, 13.22790803788818, 6.1076],
					"texture": "#layer1",
					"tintindex": 0
				},
				"west": {
					"uv": [
						3.808788268295702,
						0,
						6.616584646572095,
						6.1076
					],
					"texture": "#layer1",
					"tintindex": 0
				},
				"up": {
					"uv": [
						0,
						3.808788268295702,
						13.22790803788818,
						6.616584646572095
					],
					"texture": "#layer1",
					"rotation": 90,
					"tintindex": 0
				},
				"down": {
					"uv": [
						0,
						9.383415353427905,
						13.22790803788818,
						12.191211731704298
					],
					"texture": "#layer1",
					"rotation": 270,
					"tintindex": 0
				}
			}
		},
		{
			"name": "cube",
			"from": [
				3.1241800608119084,
				9.8924,
				12.386933989725959
			],
			"to": [
				16.304097955534573,
				21.08152,
				15.444247092006062
			],
			"rotation": {
				"angle": 45,
				"axis": "y",
				"origin": [
					1.7163199687815984,
					12.236960000000002,
					13.026944110656054
				]
			},
			"faces": {
				"east": {
					"uv": [
						3.613066010274041,
						6.1076,
						0.5557529079939378,
						0
					],
					"texture": "#layer1",
					"tintindex": 0
				},
				"west": {
					"uv": [
						12.386933989725959,
						0,
						15.444247092006062,
						6.1076
					],
					"texture": "#layer1",
					"tintindex": 0
				},
				"up": {
					"uv": [
						3.1241800608119084,
						12.386933989725959,
						16,
						15.444247092006062
					],
					"texture": "#layer1",
					"rotation": 270,
					"tintindex": 0
				},
				"down": {
					"uv": [
						3.1241800608119084,
						0.5557529079939378,
						16,
						3.613066010274041
					],
					"texture": "#layer1",
					"rotation": 90,
					"tintindex": 0
				}
			}
		},
		{
			"name": "cube",
			"from": [
				4.194056757165122,
				9.8924,
				-0.6953265635527064
			],
			"to": [
				7.001853480095865,
				21.08152,
				12.651312606864941
			],
			"rotation": {
				"angle": -22.5,
				"axis": "y",
				"origin": [
					1.7163199435135663,
					12.236960000000002,
					13.026943958241397
				]
			},
			"faces": {
				"north": {
					"uv": [
						8.998146519904136,
						0,
						11.805943242834879,
						6.1076
					],
					"texture": "#layer1",
					"tintindex": 0
				},
				"east": {
					"uv": [16, 6.1076, 3.3486873931350587, 0],
					"texture": "#layer1",
					"tintindex": 0
				},
				"south": {
					"uv": [
						4.194056757165122,
						0,
						7.001853480095865,
						6.1076
					],
					"texture": "#layer1",
					"tintindex": 0
				},
				"west": {
					"uv": [0, 0, 12.651312606864941, 6.1076],
					"texture": "#layer1",
					"tintindex": 0
				},
				"up": {
					"uv": [
						4.194056757165122,
						0,
						7.001853480095865,
						12.651312606864941
					],
					"texture": "#layer1",
					"rotation": 180,
					"tintindex": 0
				},
				"down": {
					"uv": [
						4.194056757165122,
						3.3486873931350587,
						7.001853480095865,
						16
					],
					"texture": "#layer1",
					"rotation": 180,
					"tintindex": 0
				}
			}
		},
		{
			"name": "cube",
			"from": [
				6.743263999999999,
				9.8924,
				1.297407999999999
			],
			"to": [
				9.256736000000002,
				21.08152,
				14.702592000000001
			],
			"faces": {
				"north": {
					"uv": [6.743263999999998, 0, 9.256736, 6.1076],
					"texture": "#layer1",
					"tintindex": 0
				},
				"south": {
					"uv": [
						6.743263999999999,
						0,
						9.256736000000002,
						6.1076
					],
					"texture": "#layer1",
					"tintindex": 0
				},
				"up": {
					"uv": [
						6.743263999999999,
						1.297407999999999,
						9.256736000000002,
						14.702592000000001
					],
					"texture": "#layer1",
					"rotation": 180,
					"tintindex": 0
				},
				"down": {
					"uv": [
						6.743263999999999,
						1.297407999999999,
						9.256736000000002,
						14.702592000000001
					],
					"texture": "#layer1",
					"rotation": 180,
					"tintindex": 0
				}
			}
		},
		{
			"name": "cube",
			"from": [
				9.383415318040829,
				9.8924,
				-0.11873135966932402
			],
			"to": [
				12.191211533246658,
				21.08152,
				13.22790802921661
			],
			"rotation": {
				"angle": 22.5,
				"axis": "y",
				"origin": [
					13.026944094344351,
					12.236960000000002,
					14.28367998986041
				]
			},
			"faces": {
				"north": {
					"uv": [
						3.8087884667533416,
						0,
						6.616584681959171,
						6.1076
					],
					"texture": "#layer1",
					"tintindex": 0
				},
				"east": {
					"uv": [16, 6.1076, 2.7720919707833893, 0],
					"texture": "#layer1",
					"tintindex": 0
				},
				"south": {
					"uv": [
						9.383415318040829,
						0,
						12.191211533246658,
						6.1076
					],
					"texture": "#layer1",
					"tintindex": 0
				},
				"west": {
					"uv": [0, 0, 13.22790802921661, 6.1076],
					"texture": "#layer1",
					"tintindex": 0
				},
				"up": {
					"uv": [
						9.383415318040829,
						0,
						12.191211533246658,
						13.22790802921661
					],
					"texture": "#layer1",
					"rotation": 180,
					"tintindex": 0
				},
				"down": {
					"uv": [
						9.383415318040829,
						2.7720919707833893,
						12.191211533246658,
						16
					],
					"texture": "#layer1",
					"rotation": 180,
					"tintindex": 0
				}
			}
		},
		{
			"name": "cube",
			"from": [
				12.386933946650746,
				9.8924,
				-0.3040980991837934
			],
			"to": [
				15.444247141306302,
				21.08152,
				12.875819874858188
			],
			"rotation": {
				"angle": 45,
				"axis": "y",
				"origin": [
					13.026944159956294,
					12.236960000000002,
					14.283679966888498
				]
			},
			"faces": {
				"north": {
					"uv": [
						0.5557528586936975,
						0,
						3.613066053349254,
						6.1076
					],
					"texture": "#layer1",
					"tintindex": 0
				},
				"south": {
					"uv": [
						12.386933946650746,
						0,
						15.444247141306302,
						6.1076
					],
					"texture": "#layer1",
					"tintindex": 0
				},
				"up": {
					"uv": [
						12.386933946650746,
						0,
						15.444247141306302,
						12.875819874858188
					],
					"texture": "#layer1",
					"rotation": 180,
					"tintindex": 0
				},
				"down": {
					"uv": [
						12.386933946650746,
						3.1241801251418124,
						15.444247141306302,
						16
					],
					"texture": "#layer1",
					"rotation": 180,
					"tintindex": 0
				}
			}
		},
		{
			"name": "cube",
			"from": [
				-0.6953267590425654,
				9.8924,
				8.99814645557423
			],
			"to": [
				12.651312656165178,
				21.08152,
				11.805943124453691
			],
			"rotation": {
				"angle": -22.5,
				"axis": "y",
				"origin": [
					13.026944007541635,
					12.236960000000002,
					14.283679992156529
				]
			},
			"faces": {
				"north": {
					"uv": [3.348687343834822, 0, 16, 6.1076],
					"texture": "#layer1",
					"tintindex": 0
				},
				"east": {
					"uv": [
						7.001853544425771,
						6.1076,
						4.194056875546309,
						0
					],
					"texture": "#layer1",
					"tintindex": 0
				},
				"south": {
					"uv": [0, 0, 12.651312656165178, 6.1076],
					"texture": "#layer1",
					"tintindex": 0
				},
				"west": {
					"uv": [
						8.99814645557423,
						0,
						11.805943124453691,
						6.1076
					],
					"texture": "#layer1",
					"tintindex": 0
				},
				"up": {
					"uv": [
						0,
						8.99814645557423,
						12.651312656165178,
						11.805943124453691
					],
					"texture": "#layer1",
					"rotation": 90,
					"tintindex": 0
				},
				"down": {
					"uv": [
						0,
						4.194056875546309,
						12.651312656165178,
						7.001853544425771
					],
					"texture": "#layer1",
					"rotation": 270,
					"tintindex": 0
				}
			}
		},
		{
			"name": "cube",
			"from": [
				1.7842995406360105,
				6.908821439999997,
				4.791208385411599
			],
			"to": [
				12.002486393807192,
				23.015211712000003,
				6.940857205415597
			],
			"rotation": {
				"angle": 22.5,
				"axis": "y",
				"origin": [
					12.810785406876086,
					16.243816576,
					4.1513715742776185
				]
			},
			"faces": {
				"north": {
					"uv": [
						3.9975136061928076,
						0,
						14.21570045936399,
						9.091178560000003
					],
					"texture": "#layer1",
					"tintindex": 0
				},
				"east": {
					"uv": [
						11.208791614588401,
						9.091178560000003,
						9.059142794584403,
						0
					],
					"texture": "#layer1",
					"tintindex": 0
				},
				"south": {
					"uv": [
						1.7842995406360105,
						0,
						12.002486393807192,
						9.091178560000003
					],
					"texture": "#layer1",
					"tintindex": 0
				},
				"west": {
					"uv": [
						4.791208385411599,
						0,
						6.940857205415597,
						9.091178560000003
					],
					"texture": "#layer1",
					"tintindex": 0
				},
				"up": {
					"uv": [
						1.7842995406360105,
						4.791208385411599,
						12.002486393807192,
						6.940857205415597
					],
					"texture": "#layer1",
					"rotation": 90,
					"tintindex": 0
				},
				"down": {
					"uv": [
						1.7842995406360105,
						9.059142794584403,
						12.002486393807192,
						11.208791614588401
					],
					"texture": "#layer1",
					"rotation": 270,
					"tintindex": 0
				}
			}
		},
		{
			"name": "cube",
			"from": [
				4.791208423155862,
				6.908821439999997,
				3.9975136050688915
			],
			"to": [
				6.940857304737978,
				23.015211712000003,
				14.215700648531588
			],
			"rotation": {
				"angle": 22.5,
				"axis": "y",
				"origin": [
					4.151371673599999,
					16.243816576,
					3.189214592
				]
			},
			"faces": {
				"north": {
					"uv": [
						9.059142695262022,
						0,
						11.208791576844138,
						9.091178560000003
					],
					"texture": "#layer1",
					"tintindex": 0
				},
				"east": {
					"uv": [
						12.002486394931108,
						9.091178560000003,
						1.7842993514684125,
						0
					],
					"texture": "#layer1",
					"tintindex": 0
				},
				"south": {
					"uv": [
						4.791208423155862,
						0,
						6.940857304737978,
						9.091178560000003
					],
					"texture": "#layer1",
					"tintindex": 0
				},
				"west": {
					"uv": [
						3.9975136050688915,
						0,
						14.215700648531588,
						9.091178560000003
					],
					"texture": "#layer1",
					"tintindex": 0
				},
				"up": {
					"uv": [
						4.791208423155862,
						3.9975136050688915,
						6.940857304737978,
						14.215700648531588
					],
					"texture": "#layer1",
					"tintindex": 0
				},
				"down": {
					"uv": [
						4.791208423155862,
						1.7842993514684125,
						6.940857304737978,
						12.002486394931108
					],
					"texture": "#layer1",
					"tintindex": 0
				}
			}
		},
		{
			"name": "cube",
			"from": [
				4.438955036213814,
				6.908821439999997,
				5.086170071044378
			],
			"to": [
				14.65714199185366,
				23.015211712000003,
				7.235819067607408
			],
			"rotation": {
				"angle": -22.5,
				"axis": "y",
				"origin": [
					4.151371673599999,
					16.243816576,
					3.189214592
				]
			},
			"faces": {
				"north": {
					"uv": [
						1.3428580081463402,
						0,
						11.561044963786186,
						9.091178560000003
					],
					"texture": "#layer1",
					"tintindex": 0
				},
				"east": {
					"uv": [
						10.913829928955622,
						9.091178560000003,
						8.764180932392591,
						0
					],
					"texture": "#layer1",
					"tintindex": 0
				},
				"south": {
					"uv": [
						4.438955036213814,
						0,
						14.65714199185366,
						9.091178560000003
					],
					"texture": "#layer1",
					"tintindex": 0
				},
				"west": {
					"uv": [
						5.086170071044378,
						0,
						7.235819067607408,
						9.091178560000003
					],
					"texture": "#layer1",
					"tintindex": 0
				},
				"up": {
					"uv": [
						4.438955036213814,
						5.086170071044378,
						14.65714199185366,
						7.235819067607408
					],
					"texture": "#layer1",
					"rotation": 270,
					"tintindex": 0
				},
				"down": {
					"uv": [
						4.438955036213814,
						8.764180932392591,
						14.65714199185366,
						10.913829928955622
					],
					"texture": "#layer1",
					"rotation": 90,
					"tintindex": 0
				}
			}
		},
		{
			"name": "cube",
			"from": [
				2.8684955648,
				6.908821439999997,
				7.037842918399999
			],
			"to": [
				13.1315044352,
				23.015211712000003,
				8.962157081600001
			],
			"faces": {
				"east": {
					"uv": [
						8.962157081600001,
						9.091178560000003,
						7.037842918399999,
						0
					],
					"texture": "#layer1",
					"tintindex": 0
				},
				"west": {
					"uv": [
						7.037842918399999,
						0,
						8.962157081600001,
						9.091178560000003
					],
					"texture": "#layer1",
					"tintindex": 0
				},
				"up": {
					"uv": [
						2.8684955648,
						7.037842918399999,
						13.1315044352,
						8.962157081600001
					],
					"texture": "#layer1",
					"rotation": 270,
					"tintindex": 0
				},
				"down": {
					"uv": [
						2.8684955648,
						7.037842918399999,
						13.1315044352,
						8.962157081600001
					],
					"texture": "#layer1",
					"rotation": 90,
					"tintindex": 0
				}
			}
		},
		{
			"name": "cube",
			"from": [
				4.267072254557597,
				6.908821439999997,
				11.358636444038826
			],
			"to": [
				14.357617069930873,
				23.015211712000003,
				13.69931557363984
			],
			"rotation": {
				"angle": 45,
				"axis": "y",
				"origin": [
					3.1892145680991915,
					16.243816576,
					11.848628411118273
				]
			},
			"faces": {
				"east": {
					"uv": [
						4.641363555961174,
						9.091178560000003,
						2.30068442636016,
						0
					],
					"texture": "#layer1",
					"tintindex": 0
				},
				"west": {
					"uv": [
						11.358636444038826,
						0,
						13.69931557363984,
						9.091178560000003
					],
					"texture": "#layer1",
					"tintindex": 0
				},
				"up": {
					"uv": [
						4.267072254557597,
						11.358636444038826,
						14.357617069930873,
						13.69931557363984
					],
					"texture": "#layer1",
					"rotation": 270,
					"tintindex": 0
				},
				"down": {
					"uv": [
						4.267072254557597,
						2.30068442636016,
						14.357617069930873,
						4.641363555961174
					],
					"texture": "#layer1",
					"rotation": 90,
					"tintindex": 0
				}
			}
		},
		{
			"name": "cube",
			"from": [
				5.086169844347939,
				6.908821439999997,
				1.3428580095882765
			],
			"to": [
				7.235819024361395,
				23.015211712000003,
				11.561044931815799
			],
			"rotation": {
				"angle": -22.5,
				"axis": "y",
				"origin": [
					3.189214548753987,
					16.243816576,
					11.848628294429613
				]
			},
			"faces": {
				"north": {
					"uv": [
						8.764180975638606,
						0,
						10.913830155652061,
						9.091178560000003
					],
					"texture": "#layer1",
					"tintindex": 0
				},
				"east": {
					"uv": [
						14.657141990411723,
						9.091178560000003,
						4.438955068184201,
						0
					],
					"texture": "#layer1",
					"tintindex": 0
				},
				"south": {
					"uv": [
						5.086169844347939,
						0,
						7.235819024361395,
						9.091178560000003
					],
					"texture": "#layer1",
					"tintindex": 0
				},
				"west": {
					"uv": [
						1.3428580095882765,
						0,
						11.561044931815799,
						9.091178560000003
					],
					"texture": "#layer1",
					"tintindex": 0
				},
				"up": {
					"uv": [
						5.086169844347939,
						1.3428580095882765,
						7.235819024361395,
						11.561044931815799
					],
					"texture": "#layer1",
					"rotation": 180,
					"tintindex": 0
				},
				"down": {
					"uv": [
						5.086169844347939,
						4.438955068184201,
						7.235819024361395,
						14.657141990411723
					],
					"texture": "#layer1",
					"rotation": 180,
					"tintindex": 0
				}
			}
		},
		{
			"name": "cube",
			"from": [
				7.037842918399999,
				6.908821439999997,
				2.8684955648
			],
			"to": [
				8.962157081600001,
				23.015211712000003,
				13.1315044352
			],
			"faces": {
				"north": {
					"uv": [
						7.037842918399999,
						0,
						8.962157081600001,
						9.091178560000003
					],
					"texture": "#layer1",
					"tintindex": 0
				},
				"south": {
					"uv": [
						7.037842918399999,
						0,
						8.962157081600001,
						9.091178560000003
					],
					"texture": "#layer1",
					"tintindex": 0
				},
				"up": {
					"uv": [
						7.037842918399999,
						2.8684955648,
						8.962157081600001,
						13.1315044352
					],
					"texture": "#layer1",
					"rotation": 180,
					"tintindex": 0
				},
				"down": {
					"uv": [
						7.037842918399999,
						2.8684955648,
						8.962157081600001,
						13.1315044352
					],
					"texture": "#layer1",
					"rotation": 180,
					"tintindex": 0
				}
			}
		},
		{
			"name": "cube",
			"from": [
				11.358636593593705,
				6.908821439999997,
				1.6423826729393411
			],
			"to": [
				13.699315611384105,
				23.015211712000003,
				11.732927696191428
			],
			"rotation": {
				"angle": 45,
				"axis": "y",
				"origin": [
					11.848628448862538,
					16.243816576,
					12.810785382649835
				]
			},
			"faces": {
				"north": {
					"uv": [
						2.3006843886158954,
						0,
						4.641363406406295,
						9.091178560000003
					],
					"texture": "#layer1",
					"tintindex": 0
				},
				"south": {
					"uv": [
						11.358636593593705,
						0,
						13.699315611384105,
						9.091178560000003
					],
					"texture": "#layer1",
					"tintindex": 0
				},
				"up": {
					"uv": [
						11.358636593593705,
						1.6423826729393411,
						13.699315611384105,
						11.732927696191428
					],
					"texture": "#layer1",
					"rotation": 180,
					"tintindex": 0
				},
				"down": {
					"uv": [
						11.358636593593705,
						4.267072303808572,
						13.699315611384105,
						14.357617327060659
					],
					"texture": "#layer1",
					"rotation": 180,
					"tintindex": 0
				}
			}
		},
		{
			"name": "cube",
			"from": [
				3.1793209051926583,
				5.504636625305601,
				5.33379370416613
			],
			"to": [
				6.351127703896872,
				24.098464813178886,
				12.540864486080896
			],
			"rotation": {
				"angle": 45,
				"axis": "y",
				"origin": [
					5.251155704152064,
					17.362063551242244,
					4.563944630190079
				]
			},
			"faces": {
				"north": {
					"uv": [
						9.648872296103129,
						0,
						12.820679094807343,
						10.4953633746944
					],
					"texture": "#layer1",
					"tintindex": 0
				},
				"east": {
					"uv": [
						10.66620629583387,
						10.4953633746944,
						3.4591355139191045,
						0
					],
					"texture": "#layer1",
					"tintindex": 0
				},
				"south": {
					"uv": [
						3.1793209051926583,
						0,
						6.351127703896872,
						10.4953633746944
					],
					"texture": "#layer1",
					"tintindex": 0
				},
				"west": {
					"uv": [
						5.33379370416613,
						0,
						12.540864486080896,
						10.4953633746944
					],
					"texture": "#layer1",
					"tintindex": 0
				},
				"up": {
					"uv": [
						3.1793209051926583,
						5.33379370416613,
						6.351127703896872,
						12.540864486080896
					],
					"texture": "#layer1",
					"tintindex": 0
				},
				"down": {
					"uv": [
						3.1793209051926583,
						3.4591355139191045,
						6.351127703896872,
						10.66620629583387
					],
					"texture": "#layer1",
					"tintindex": 0
				}
			}
		},
		{
			"name": "cube",
			"from": [
				5.333793687095218,
				5.504636625305601,
				9.648872416415053
			],
			"to": [
				12.540864827997488,
				24.098464813178886,
				12.820679155316519
			],
			"rotation": {
				"angle": 45,
				"axis": "y",
				"origin": [
					4.563944613119166,
					17.362063551242244,
					10.748844356357115
				]
			},
			"faces": {
				"north": {
					"uv": [
						3.4591351720025116,
						0,
						10.666206312904782,
						10.4953633746944
					],
					"texture": "#layer1",
					"tintindex": 0
				},
				"east": {
					"uv": [
						6.3511275835849474,
						10.4953633746944,
						3.179320844683481,
						0
					],
					"texture": "#layer1",
					"tintindex": 0
				},
				"south": {
					"uv": [
						5.333793687095218,
						0,
						12.540864827997488,
						10.4953633746944
					],
					"texture": "#layer1",
					"tintindex": 0
				},
				"west": {
					"uv": [
						9.648872416415053,
						0,
						12.820679155316519,
						10.4953633746944
					],
					"texture": "#layer1",
					"tintindex": 0
				},
				"up": {
					"uv": [
						5.333793687095218,
						9.648872416415053,
						12.540864827997488,
						12.820679155316519
					],
					"texture": "#layer1",
					"rotation": 270,
					"tintindex": 0
				},
				"down": {
					"uv": [
						5.333793687095218,
						3.179320844683481,
						12.540864827997488,
						6.3511275835849474
					],
					"texture": "#layer1",
					"rotation": 90,
					"tintindex": 0
				}
			}
		},
		{
			"name": "cube",
			"from": [13.35508556832417, 7.269543366737225, 6.5],
			"to": [14.35508556832417, 13.269543366737224, 9.5],
			"rotation": {
				"angle": -22.5,
				"axis": "z",
				"origin": [14.5, 9, 8]
			},
			"faces": {
				"north": {
					"uv": [
						1.6449144316758293,
						2.7304566332627758,
						2.6449144316758293,
						8.730456633262776
					],
					"texture": "#layer1",
					"tintindex": 0
				},
				"east": {
					"uv": [
						9.5,
						8.730456633262776,
						6.5,
						2.7304566332627758
					],
					"texture": "#layer1",
					"tintindex": 0
				},
				"south": {
					"uv": [
						13.35508556832417,
						2.7304566332627758,
						14.35508556832417,
						8.730456633262776
					],
					"texture": "#layer1",
					"tintindex": 0
				},
				"west": {
					"uv": [
						6.5,
						2.7304566332627758,
						9.5,
						8.730456633262776
					],
					"texture": "#layer1",
					"tintindex": 0
				}
			}
		},
		{
			"name": "cube",
			"from": [10.02833358062086, 3.0026645495952007, 6.5],
			"to": [11.02833358062086, 9.002664549595199, 9.5],
			"rotation": {
				"angle": -45,
				"axis": "z",
				"origin": [10.5, 5, 8]
			},
			"faces": {
				"north": {
					"uv": [
						4.97166641937914,
						6.997335450404801,
						5.97166641937914,
						12.9973354504048
					],
					"texture": "#layer1",
					"tintindex": 0
				},
				"east": {
					"uv": [
						9.5,
						12.9973354504048,
						6.5,
						6.997335450404801
					],
					"texture": "#layer1",
					"tintindex": 0
				},
				"south": {
					"uv": [
						10.02833358062086,
						6.997335450404801,
						11.02833358062086,
						12.9973354504048
					],
					"texture": "#layer1",
					"tintindex": 0
				},
				"west": {
					"uv": [
						6.5,
						6.997335450404801,
						9.5,
						12.9973354504048
					],
					"texture": "#layer1",
					"tintindex": 0
				},
				"down": {
					"uv": [
						10.02833358062086,
						6.5,
						11.02833358062086,
						9.5
					],
					"texture": "#layer1",
					"rotation": 270,
					"tintindex": 0
				}
			}
		},
		{
			"name": "cube",
			"from": [13.431206030729701, 18.11314003709358, 6.5],
			"to": [14.431206030729701, 22.11314003709358, 9.5],
			"rotation": {
				"angle": 22.5,
				"axis": "z",
				"origin": [15.5, 22, 8]
			},
			"faces": {
				"north": {
					"uv": [1.568793969270299, 0, 2.568793969270299, 0],
					"texture": "#layer1",
					"tintindex": 0
				},
				"east": {
					"uv": [9.5, 0, 6.5, 0],
					"texture": "#layer1",
					"tintindex": 0
				},
				"south": {
					"uv": [
						13.431206030729701,
						0,
						14.431206030729701,
						0
					],
					"texture": "#layer1",
					"tintindex": 0
				},
				"west": {
					"uv": [6.5, 0, 9.5, 0],
					"texture": "#layer1",
					"tintindex": 0
				}
			}
		},
		{
			"name": "cube",
			"from": [8.97007351346398, 19.442469611390877, 6.5],
			"to": [9.97007351346398, 22.442469611390877, 9.5],
			"rotation": {
				"angle": 45,
				"axis": "z",
				"origin": [9.5, 26, 8]
			},
			"faces": {
				"north": {
					"uv": [6.02992648653602, 0, 7.02992648653602, 0],
					"texture": "#layer1",
					"tintindex": 0
				},
				"east": {
					"uv": [9.5, 0, 6.5, 0],
					"texture": "#layer1",
					"tintindex": 0
				},
				"south": {
					"uv": [8.97007351346398, 0, 9.97007351346398, 0],
					"texture": "#layer1",
					"tintindex": 0
				},
				"west": {
					"uv": [6.5, 0, 9.5, 0],
					"texture": "#layer1",
					"tintindex": 0
				}
			}
		},
		{
			"name": "cube",
			"from": [10.044820545725758, 25.67973761757131, 6.5],
			"to": [13.044820545725758, 26.67973761757131, 9.5],
			"rotation": {
				"angle": -22.5,
				"axis": "z",
				"origin": [5.5, 27, 8]
			},
			"faces": {
				"north": {
					"uv": [
						2.9551794542742424,
						0,
						5.9551794542742424,
						0
					],
					"texture": "#layer1",
					"rotation": 90,
					"tintindex": 0
				},
				"south": {
					"uv": [
						10.044820545725758,
						0,
						13.044820545725758,
						0
					],
					"texture": "#layer1",
					"rotation": 270,
					"tintindex": 0
				},
				"up": {
					"uv": [
						10.044820545725758,
						6.5,
						13.044820545725758,
						9.5
					],
					"texture": "#layer1",
					"rotation": 270,
					"tintindex": 0
				},
				"down": {
					"uv": [
						10.044820545725758,
						6.5,
						13.044820545725758,
						9.5
					],
					"texture": "#layer1",
					"rotation": 270,
					"tintindex": 0
				}
			}
		},
		{
			"name": "cube",
			"from": [6.5, 25.67973761757131, 2.9551794542742424],
			"to": [9.5, 26.67973761757131, 5.9551794542742424],
			"rotation": {
				"angle": -22.5,
				"axis": "x",
				"origin": [8, 27, 10.5]
			},
			"faces": {
				"east": {
					"uv": [
						13.044820545725758,
						0,
						10.044820545725758,
						0
					],
					"texture": "#layer1",
					"rotation": 270,
					"tintindex": 0
				},
				"west": {
					"uv": [
						2.9551794542742424,
						0,
						5.9551794542742424,
						0
					],
					"texture": "#layer1",
					"rotation": 90,
					"tintindex": 0
				},
				"up": {
					"uv": [
						6.5,
						2.9551794542742424,
						9.5,
						5.9551794542742424
					],
					"texture": "#layer1",
					"rotation": 180,
					"tintindex": 0
				},
				"down": {
					"uv": [
						6.5,
						10.044820545725758,
						9.5,
						13.044820545725758
					],
					"texture": "#layer1",
					"tintindex": 0
				}
			}
		},
		{
			"name": "cube",
			"from": [6.5, 18.11314003709358, 1.568793969270299],
			"to": [9.5, 22.11314003709358, 2.568793969270299],
			"rotation": {
				"angle": 22.5,
				"axis": "x",
				"origin": [8, 22, 0.5]
			},
			"faces": {
				"north": {
					"uv": [6.5, 0, 9.5, 0],
					"texture": "#layer1",
					"tintindex": 0
				},
				"east": {
					"uv": [
						14.431206030729701,
						0,
						13.431206030729701,
						0
					],
					"texture": "#layer1",
					"tintindex": 0
				},
				"south": {
					"uv": [6.5, 0, 9.5, 0],
					"texture": "#layer1",
					"tintindex": 0
				},
				"west": {
					"uv": [1.568793969270299, 0, 2.568793969270299, 0],
					"texture": "#layer1",
					"tintindex": 0
				}
			}
		},
		{
			"name": "cube",
			"from": [6.5, 19.442469611390877, 6.02992648653602],
			"to": [9.5, 22.442469611390877, 7.02992648653602],
			"rotation": {
				"angle": 45,
				"axis": "x",
				"origin": [8, 26, 6.5]
			},
			"faces": {
				"north": {
					"uv": [6.5, 0, 9.5, 0],
					"texture": "#layer1",
					"tintindex": 0
				},
				"east": {
					"uv": [9.97007351346398, 0, 8.97007351346398, 0],
					"texture": "#layer1",
					"tintindex": 0
				},
				"south": {
					"uv": [6.5, 0, 9.5, 0],
					"texture": "#layer1",
					"tintindex": 0
				},
				"west": {
					"uv": [6.02992648653602, 0, 7.02992648653602, 0],
					"texture": "#layer1",
					"tintindex": 0
				}
			}
		},
		{
			"name": "cube",
			"from": [6.5, 7.269543366737225, 1.6449144316758293],
			"to": [9.5, 13.269543366737224, 2.6449144316758293],
			"rotation": {
				"angle": -22.5,
				"axis": "x",
				"origin": [8, 9, 1.5]
			},
			"faces": {
				"north": {
					"uv": [
						6.5,
						2.7304566332627758,
						9.5,
						8.730456633262776
					],
					"texture": "#layer1",
					"tintindex": 0
				},
				"east": {
					"uv": [
						14.35508556832417,
						8.730456633262776,
						13.35508556832417,
						2.7304566332627758
					],
					"texture": "#layer1",
					"tintindex": 0
				},
				"south": {
					"uv": [
						6.5,
						2.7304566332627758,
						9.5,
						8.730456633262776
					],
					"texture": "#layer1",
					"tintindex": 0
				},
				"west": {
					"uv": [
						1.6449144316758293,
						2.7304566332627758,
						2.6449144316758293,
						8.730456633262776
					],
					"texture": "#layer1",
					"tintindex": 0
				}
			}
		},
		{
			"name": "cube",
			"from": [6.5, 3.0026645495952007, 4.97166641937914],
			"to": [9.5, 9.002664549595199, 5.97166641937914],
			"rotation": {
				"angle": -45,
				"axis": "x",
				"origin": [8, 5, 5.5]
			},
			"faces": {
				"north": {
					"uv": [
						6.5,
						6.997335450404801,
						9.5,
						12.9973354504048
					],
					"texture": "#layer1",
					"tintindex": 0
				},
				"east": {
					"uv": [
						11.02833358062086,
						12.9973354504048,
						10.02833358062086,
						6.997335450404801
					],
					"texture": "#layer1",
					"tintindex": 0
				},
				"south": {
					"uv": [
						6.5,
						6.997335450404801,
						9.5,
						12.9973354504048
					],
					"texture": "#layer1",
					"tintindex": 0
				},
				"west": {
					"uv": [
						4.97166641937914,
						6.997335450404801,
						5.97166641937914,
						12.9973354504048
					],
					"texture": "#layer1",
					"tintindex": 0
				},
				"down": {
					"uv": [
						6.5,
						10.02833358062086,
						9.5,
						11.02833358062086
					],
					"texture": "#layer1",
					"tintindex": 0
				}
			}
		},
		{
			"name": "cube",
			"from": [4.97166641937914, 3.0026645495952007, 6.5],
			"to": [5.97166641937914, 9.002664549595199, 9.5],
			"rotation": {
				"angle": 45,
				"axis": "z",
				"origin": [5.5, 5, 8]
			},
			"faces": {
				"north": {
					"uv": [
						10.02833358062086,
						6.997335450404801,
						11.02833358062086,
						12.9973354504048
					],
					"texture": "#layer1",
					"tintindex": 0
				},
				"east": {
					"uv": [
						9.5,
						12.9973354504048,
						6.5,
						6.997335450404801
					],
					"texture": "#layer1",
					"tintindex": 0
				},
				"south": {
					"uv": [
						4.97166641937914,
						6.997335450404801,
						5.97166641937914,
						12.9973354504048
					],
					"texture": "#layer1",
					"tintindex": 0
				},
				"west": {
					"uv": [
						6.5,
						6.997335450404801,
						9.5,
						12.9973354504048
					],
					"texture": "#layer1",
					"tintindex": 0
				},
				"down": {
					"uv": [
						4.97166641937914,
						6.5,
						5.97166641937914,
						9.5
					],
					"texture": "#layer1",
					"rotation": 90,
					"tintindex": 0
				}
			}
		},
		{
			"name": "cube",
			"from": [1.6449144316758293, 7.269543366737225, 6.5],
			"to": [2.6449144316758293, 13.269543366737224, 9.5],
			"rotation": {
				"angle": 22.5,
				"axis": "z",
				"origin": [1.5, 9, 8]
			},
			"faces": {
				"north": {
					"uv": [
						13.35508556832417,
						2.7304566332627758,
						14.35508556832417,
						8.730456633262776
					],
					"texture": "#layer1",
					"tintindex": 0
				},
				"east": {
					"uv": [
						9.5,
						8.730456633262776,
						6.5,
						2.7304566332627758
					],
					"texture": "#layer1",
					"tintindex": 0
				},
				"south": {
					"uv": [
						1.6449144316758293,
						2.7304566332627758,
						2.6449144316758293,
						8.730456633262776
					],
					"texture": "#layer1",
					"tintindex": 0
				},
				"west": {
					"uv": [
						6.5,
						2.7304566332627758,
						9.5,
						8.730456633262776
					],
					"texture": "#layer1",
					"tintindex": 0
				}
			}
		},
		{
			"name": "cube",
			"from": [6.5, 3.0026645495952007, 10.02833358062086],
			"to": [9.5, 9.002664549595199, 11.02833358062086],
			"rotation": {
				"angle": 45,
				"axis": "x",
				"origin": [8, 5, 10.5]
			},
			"faces": {
				"north": {
					"uv": [
						6.5,
						6.997335450404801,
						9.5,
						12.9973354504048
					],
					"texture": "#layer1",
					"tintindex": 0
				},
				"east": {
					"uv": [
						5.97166641937914,
						12.9973354504048,
						4.97166641937914,
						6.997335450404801
					],
					"texture": "#layer1",
					"tintindex": 0
				},
				"south": {
					"uv": [
						6.5,
						6.997335450404801,
						9.5,
						12.9973354504048
					],
					"texture": "#layer1",
					"tintindex": 0
				},
				"west": {
					"uv": [
						10.02833358062086,
						6.997335450404801,
						11.02833358062086,
						12.9973354504048
					],
					"texture": "#layer1",
					"tintindex": 0
				},
				"down": {
					"uv": [
						6.5,
						4.97166641937914,
						9.5,
						5.97166641937914
					],
					"texture": "#layer1",
					"rotation": 180,
					"tintindex": 0
				}
			}
		},
		{
			"name": "cube",
			"from": [6.5, 7.269543366737225, 13.35508556832417],
			"to": [9.5, 13.269543366737224, 14.35508556832417],
			"rotation": {
				"angle": 22.5,
				"axis": "x",
				"origin": [8, 9, 14.5]
			},
			"faces": {
				"north": {
					"uv": [
						6.5,
						2.7304566332627758,
						9.5,
						8.730456633262776
					],
					"texture": "#layer1",
					"tintindex": 0
				},
				"east": {
					"uv": [
						2.6449144316758293,
						8.730456633262776,
						1.6449144316758293,
						2.7304566332627758
					],
					"texture": "#layer1",
					"tintindex": 0
				},
				"south": {
					"uv": [
						6.5,
						2.7304566332627758,
						9.5,
						8.730456633262776
					],
					"texture": "#layer1",
					"tintindex": 0
				},
				"west": {
					"uv": [
						13.35508556832417,
						2.7304566332627758,
						14.35508556832417,
						8.730456633262776
					],
					"texture": "#layer1",
					"tintindex": 0
				}
			}
		},
		{
			"name": "cube",
			"from": [6.02992648653602, 19.442469611390877, 6.5],
			"to": [7.02992648653602, 22.442469611390877, 9.5],
			"rotation": {
				"angle": -45,
				"axis": "z",
				"origin": [6.5, 26, 8]
			},
			"faces": {
				"north": {
					"uv": [8.97007351346398, 0, 9.97007351346398, 0],
					"texture": "#layer1",
					"tintindex": 0
				},
				"east": {
					"uv": [9.5, 0, 6.5, 0],
					"texture": "#layer1",
					"tintindex": 0
				},
				"south": {
					"uv": [6.02992648653602, 0, 7.02992648653602, 0],
					"texture": "#layer1",
					"tintindex": 0
				},
				"west": {
					"uv": [6.5, 0, 9.5, 0],
					"texture": "#layer1",
					"tintindex": 0
				}
			}
		},
		{
			"name": "cube",
			"from": [
				6.423692553291787,
				23.964888651268954,
				6.423692553291787
			],
			"to": [
				9.576307446708213,
				24.964888651268954,
				9.576307446708213
			],
			"rotation": {
				"angle": 0,
				"axis": "x",
				"origin": [8, 27, 15.5]
			},
			"faces": {
				"north": {
					"uv": [6.423692553291787, 0, 9.576307446708213, 0],
					"texture": "#layer1",
					"rotation": 180,
					"tintindex": 0
				},
				"east": {
					"uv": [9.576307446708213, 0, 6.423692553291787, 0],
					"texture": "#layer1",
					"rotation": 270,
					"tintindex": 0
				},
				"south": {
					"uv": [6.423692553291787, 0, 9.576307446708213, 0],
					"texture": "#layer1",
					"tintindex": 0
				},
				"west": {
					"uv": [6.423692553291787, 0, 9.576307446708213, 0],
					"texture": "#layer1",
					"rotation": 90,
					"tintindex": 0
				},
				"up": {
					"uv": [
						6.423692553291787,
						6.423692553291787,
						9.576307446708213,
						9.576307446708213
					],
					"texture": "#layer1",
					"rotation": 180,
					"tintindex": 0
				},
				"down": {
					"uv": [
						6.423692553291787,
						6.423692553291787,
						9.576307446708213,
						9.576307446708213
					],
					"texture": "#layer1",
					"tintindex": 0
				}
			}
		},
		{
			"name": "cube",
			"from": [1.568793969270299, 18.11314003709358, 6.5],
			"to": [2.568793969270299, 22.11314003709358, 9.5],
			"rotation": {
				"angle": -22.5,
				"axis": "z",
				"origin": [0.5, 22, 8]
			},
			"faces": {
				"north": {
					"uv": [
						13.431206030729701,
						0,
						14.431206030729701,
						0
					],
					"texture": "#layer1",
					"tintindex": 0
				},
				"east": {
					"uv": [9.5, 0, 6.5, 0],
					"texture": "#layer1",
					"tintindex": 0
				},
				"south": {
					"uv": [1.568793969270299, 0, 2.568793969270299, 0],
					"texture": "#layer1",
					"tintindex": 0
				},
				"west": {
					"uv": [6.5, 0, 9.5, 0],
					"texture": "#layer1",
					"tintindex": 0
				}
			}
		},
		{
			"name": "cube",
			"from": [2.9551794542742424, 25.67973761757131, 6.5],
			"to": [5.9551794542742424, 26.67973761757131, 9.5],
			"rotation": {
				"angle": 22.5,
				"axis": "z",
				"origin": [10.5, 27, 8]
			},
			"faces": {
				"north": {
					"uv": [
						10.044820545725758,
						0,
						13.044820545725758,
						0
					],
					"texture": "#layer1",
					"rotation": 270,
					"tintindex": 0
				},
				"south": {
					"uv": [
						2.9551794542742424,
						0,
						5.9551794542742424,
						0
					],
					"texture": "#layer1",
					"rotation": 90,
					"tintindex": 0
				},
				"up": {
					"uv": [
						2.9551794542742424,
						6.5,
						5.9551794542742424,
						9.5
					],
					"texture": "#layer1",
					"rotation": 90,
					"tintindex": 0
				},
				"down": {
					"uv": [
						2.9551794542742424,
						6.5,
						5.9551794542742424,
						9.5
					],
					"texture": "#layer1",
					"rotation": 90,
					"tintindex": 0
				}
			}
		},
		{
			"name": "cube",
			"from": [6.5, 25.67973761757131, 10.044820545725758],
			"to": [9.5, 26.67973761757131, 13.044820545725758],
			"rotation": {
				"angle": 22.5,
				"axis": "x",
				"origin": [8, 27, 5.5]
			},
			"faces": {
				"east": {
					"uv": [
						5.9551794542742424,
						0,
						2.9551794542742424,
						0
					],
					"texture": "#layer1",
					"rotation": 90,
					"tintindex": 0
				},
				"west": {
					"uv": [
						10.044820545725758,
						0,
						13.044820545725758,
						0
					],
					"texture": "#layer1",
					"rotation": 270,
					"tintindex": 0
				},
				"up": {
					"uv": [
						6.5,
						10.044820545725758,
						9.5,
						13.044820545725758
					],
					"texture": "#layer1",
					"tintindex": 0
				},
				"down": {
					"uv": [
						6.5,
						2.9551794542742424,
						9.5,
						5.9551794542742424
					],
					"texture": "#layer1",
					"rotation": 180,
					"tintindex": 0
				}
			}
		},
		{
			"name": "cube",
			"from": [6.5, 19.442469611390877, 8.97007351346398],
			"to": [9.5, 22.442469611390877, 9.97007351346398],
			"rotation": {
				"angle": -45,
				"axis": "x",
				"origin": [8, 26, 9.5]
			},
			"faces": {
				"north": {
					"uv": [6.5, 0, 9.5, 0],
					"texture": "#layer1",
					"tintindex": 0
				},
				"east": {
					"uv": [7.02992648653602, 0, 6.02992648653602, 0],
					"texture": "#layer1",
					"tintindex": 0
				},
				"south": {
					"uv": [6.5, 0, 9.5, 0],
					"texture": "#layer1",
					"tintindex": 0
				},
				"west": {
					"uv": [8.97007351346398, 0, 9.97007351346398, 0],
					"texture": "#layer1",
					"tintindex": 0
				}
			}
		},
		{
			"name": "cube",
			"from": [6.5, 18.11314003709358, 13.431206030729701],
			"to": [9.5, 22.11314003709358, 14.431206030729701],
			"rotation": {
				"angle": -22.5,
				"axis": "x",
				"origin": [8, 22, 15.5]
			},
			"faces": {
				"north": {
					"uv": [6.5, 0, 9.5, 0],
					"texture": "#layer1",
					"tintindex": 0
				},
				"east": {
					"uv": [2.568793969270299, 0, 1.568793969270299, 0],
					"texture": "#layer1",
					"tintindex": 0
				},
				"south": {
					"uv": [6.5, 0, 9.5, 0],
					"texture": "#layer1",
					"tintindex": 0
				},
				"west": {
					"uv": [
						13.431206030729701,
						0,
						14.431206030729701,
						0
					],
					"texture": "#layer1",
					"tintindex": 0
				}
			}
		}
	],
	"display": {
		"head": {
			"scale": [2.5, 2.5, 2.5],
			"translation": [0, -32, 0]
		}
	},
	"groups": [
		{
			"name": "middle ring",
			"isOpen": false,
			"shade": true,
			"display": {"visibility": true, "autouv": false},
			"children": [
				0,
				1,
				2,
				3,
				4,
				5,
				6,
				7,
				8,
				9,
				10,
				11,
				12,
				13,
				14,
				15,
				16,
				17,
				18,
				19,
				20,
				21,
				22,
				23,
				24,
				25
			]
		},
		{
			"name": "beams",
			"isOpen": false,
			"shade": true,
			"display": {"visibility": true, "autouv": false},
			"children": [
				26,
				27,
				28,
				29,
				30,
				31,
				32,
				33,
				34,
				35,
				36,
				37,
				38,
				39,
				40,
				41,
				42,
				43,
				44,
				45,
				46
			]
		}
	]
}