{
    "parent": "item/generated",
    "textures": {
        "layer0": "items/leather_boots",
        "layer1": "items/leather_boots_overlay"
    },
	"overrides": [
		{ "predicate": { "damage": 0 }, "model": "item/leather_boots" },
		{ "predicate": { "damaged": 0, "damage": 0.015151515151515 }, "model": "item/large_balloon" 		,"(damage)":1  },
		{ "predicate": { "damaged": 0, "damage": 0.03030303030303 }, "model": "item/leather_boots2" 		,"(damage)":2  },
		{ "predicate": { "damaged": 0, "damage": 0.045454545454545 }, "model": "item/leather_boots3" 		,"(damage)":3  },
		{ "predicate": { "damaged": 0, "damage": 0.060606060606061 }, "model": "item/leather_boots4" 		,"(damage)":4  },
		{ "predicate": { "damaged": 0, "damage": 0.075757575757576 }, "model": "item/leather_boots5" 		,"(damage)":5  },
		{ "predicate": { "damaged": 0, "damage": 0.090909090909091 }, "model": "item/leather_boots6" 		,"(damage)":6  },
		{ "predicate": { "damaged": 0, "damage": 0.106060606060606 }, "model": "item/leather_boots7" 		,"(damage)":7  },
		{ "predicate": { "damaged": 0, "damage": 0.121212121212121 }, "model": "item/leather_boots8" 		,"(damage)":8  },
		{ "predicate": { "damaged": 0, "damage": 0.136363636363636 }, "model": "item/leather_boots9" 		,"(damage)":9  },
		{ "predicate": { "damaged": 0, "damage": 0.151515151515152 }, "model": "item/leather_boots10" 		,"(damage)":10 },
		{ "predicate": { "damaged": 0, "damage": 0.166666666666667 }, "model": "item/leather_boots11" 		,"(damage)":11 },
		{ "predicate": { "damaged": 0, "damage": 0.181818181818182 }, "model": "item/leather_boots12" 		,"(damage)":12 },
		{ "predicate": { "damaged": 0, "damage": 0.196969696969697 }, "model": "item/leather_boots13" 		,"(damage)":13 },
		{ "predicate": { "damaged": 0, "damage": 0.212121212121212 }, "model": "item/leather_boots14" 		,"(damage)":14 },
		{ "predicate": { "damaged": 0, "damage": 0.227272727272727 }, "model": "item/leather_boots15" 		,"(damage)":15 },
		{ "predicate": { "damaged": 0, "damage": 0.242424242424242 }, "model": "item/leather_boots16" 		,"(damage)":16 },
		{ "predicate": { "damaged": 0, "damage": 0.257575757575758 }, "model": "item/leather_boots17" 		,"(damage)":17 },
		{ "predicate": { "damaged": 0, "damage": 0.272727272727273 }, "model": "item/leather_boots18" 		,"(damage)":18 },
		{ "predicate": { "damaged": 0, "damage": 0.287878787878788 }, "model": "item/leather_boots19" 		,"(damage)":19 },
		{ "predicate": { "damaged": 0, "damage": 0.303030303030303 }, "model": "item/leather_boots20" 		,"(damage)":20 },
		{ "predicate": { "damaged": 0, "damage": 0.318181818181818 }, "model": "item/leather_boots21" 		,"(damage)":21 },
		{ "predicate": { "damaged": 0, "damage": 0.333333333333333 }, "model": "item/leather_boots22" 		,"(damage)":22 },
		{ "predicate": { "damaged": 0, "damage": 0.348484848484849 }, "model": "item/leather_boots23" 		,"(damage)":23 },
		{ "predicate": { "damaged": 0, "damage": 0.363636363636364 }, "model": "item/leather_boots24" 		,"(damage)":24 },
		{ "predicate": { "damaged": 0, "damage": 0.378787878787879 }, "model": "item/leather_boots25" 		,"(damage)":25 },
		{ "predicate": { "damaged": 0, "damage": 0.393939393939394 }, "model": "item/leather_boots26" 		,"(damage)":26 },
		{ "predicate": { "damaged": 0, "damage": 0.409090909090909 }, "model": "item/leather_boots27" 		,"(damage)":27 },
		{ "predicate": { "damaged": 0, "damage": 0.424242424242424 }, "model": "item/leather_boots28" 		,"(damage)":28 },
		{ "predicate": { "damaged": 0, "damage": 0.439393939393939 }, "model": "item/leather_boots29" 		,"(damage)":29 },
		{ "predicate": { "damaged": 0, "damage": 0.454545454545455 }, "model": "item/leather_boots30" 		,"(damage)":30 },
		{ "predicate": { "damaged": 0, "damage": 0.46969696969697 }, "model": "item/leather_boots31" 		,"(damage)":31 },
		{ "predicate": { "damaged": 0, "damage": 0.484848484848485 }, "model": "item/leather_boots32" 		,"(damage)":32 },
		{ "predicate": { "damaged": 0, "damage": 0.5 }, "model": "item/leather_boots33" 					,"(damage)":33 },
		{ "predicate": { "damaged": 0, "damage": 0.515151515151515 }, "model": "item/leather_boots34" 		,"(damage)":34 },
		{ "predicate": { "damaged": 0, "damage": 0.53030303030303 }, "model": "item/leather_boots35" 		,"(damage)":35 },
		{ "predicate": { "damaged": 0, "damage": 0.545454545454545 }, "model": "item/leather_boots36" 		,"(damage)":36 },
		{ "predicate": { "damaged": 0, "damage": 0.560606060606061 }, "model": "item/leather_boots37" 		,"(damage)":37 },
		{ "predicate": { "damaged": 0, "damage": 0.575757575757576 }, "model": "item/leather_boots38" 		,"(damage)":38 },
		{ "predicate": { "damaged": 0, "damage": 0.590909090909091 }, "model": "item/leather_boots39" 		,"(damage)":39 },
		{ "predicate": { "damaged": 0, "damage": 0.606060606060606 }, "model": "item/leather_boots40" 		,"(damage)":40 },
		{ "predicate": { "damaged": 0, "damage": 0.621212121212121 }, "model": "item/leather_boots41" 		,"(damage)":41 },
		{ "predicate": { "damaged": 0, "damage": 0.636363636363636 }, "model": "item/leather_boots42" 		,"(damage)":42 },
		{ "predicate": { "damaged": 0, "damage": 0.651515151515152 }, "model": "item/leather_boots43" 		,"(damage)":43 },
		{ "predicate": { "damaged": 0, "damage": 0.666666666666667 }, "model": "item/leather_boots44" 		,"(damage)":44 },
		{ "predicate": { "damaged": 0, "damage": 0.681818181818182 }, "model": "item/leather_boots45" 		,"(damage)":45 },
		{ "predicate": { "damaged": 0, "damage": 0.696969696969697 }, "model": "item/leather_boots46" 		,"(damage)":46 },
		{ "predicate": { "damaged": 0, "damage": 0.712121212121212 }, "model": "item/leather_boots47" 		,"(damage)":47 },
		{ "predicate": { "damaged": 0, "damage": 0.727272727272727 }, "model": "item/leather_boots48" 		,"(damage)":48 },
		{ "predicate": { "damaged": 0, "damage": 0.742424242424242 }, "model": "item/leather_boots49" 		,"(damage)":49 },
		{ "predicate": { "damaged": 0, "damage": 0.757575757575758 }, "model": "item/leather_boots50" 		,"(damage)":50 },
		{ "predicate": { "damaged": 0, "damage": 0.772727272727273 }, "model": "item/leather_boots51" 		,"(damage)":51 },
		{ "predicate": { "damaged": 0, "damage": 0.787878787878788 }, "model": "item/leather_boots52" 		,"(damage)":52 },
		{ "predicate": { "damaged": 0, "damage": 0.803030303030303 }, "model": "item/leather_boots53" 		,"(damage)":53 },
		{ "predicate": { "damaged": 0, "damage": 0.818181818181818 }, "model": "item/leather_boots54" 		,"(damage)":54 },
		{ "predicate": { "damaged": 0, "damage": 0.833333333333333 }, "model": "item/leather_boots55" 		,"(damage)":55 },
		{ "predicate": { "damaged": 0, "damage": 0.848484848484849 }, "model": "item/leather_boots56" 		,"(damage)":56 },
		{ "predicate": { "damaged": 0, "damage": 0.863636363636364 }, "model": "item/leather_boots57" 		,"(damage)":57 },
		{ "predicate": { "damaged": 0, "damage": 0.878787878787879 }, "model": "item/leather_boots58" 		,"(damage)":58 },
		{ "predicate": { "damaged": 0, "damage": 0.893939393939394 }, "model": "item/leather_boots59" 		,"(damage)":59 },
		{ "predicate": { "damaged": 0, "damage": 0.909090909090909 }, "model": "item/leather_boots60" 		,"(damage)":60 },
		{ "predicate": { "damaged": 0, "damage": 0.924242424242424 }, "model": "item/leather_boots61" 		,"(damage)":61 },
		{ "predicate": { "damaged": 0, "damage": 0.93939393939394 }, "model": "item/leather_boots62" 		,"(damage)":62 },
		{ "predicate": { "damaged": 0, "damage": 0.954545454545455 }, "model": "item/leather_boots63" 		,"(damage)":63 },
		{ "predicate": { "damaged": 0, "damage": 0.96969696969697 }, "model": "item/leather_boots64" 		,"(damage)":64 },
		{ "predicate": { "damaged": 0, "damage": 0.984848484848485 }, "model": "item/leather_boots65" 		,"(damage)":65 },
		{ "predicate": { "damaged": 1 }, "model": "item/leather_boots" }
	]
}
