{
	"credit": "Made with Blockbench, a free, modern block model editor by JannisX11",
	"textures": {
		"0": "items/balloon_held_front",
		"1": "items/balloon_held_back",
		"particle": "items/balloon_held_front"
	},
	"elements": [
		{
			"name": "cube",
			"from": [0, -16, 0],
			"to": [16, 32, 1],
			"faces": {
				"north": {"uv": [0, 0, 4, 12], "texture": "#1"},
				"south": {"uv": [0, 0, 4, 12], "texture": "#0"}
			}
		},
		{
			"name": "cube",
			"from": [7.5, -16, -7.5],
			"to": [8.5, 32, 8.5],
			"rotation": {
				"angle": 0,
				"axis": "y",
				"origin": [8, 8, 0.5]
			},
			"faces": {
				"east": {"uv": [0, 0, 4, 12], "texture": "#1"},
				"west": {"uv": [0, 0, 4, 12], "texture": "#1"}
			}
		}
	],
	"display": {
		"thirdperson_righthand": {
			"rotation": [67.5, 0, 0],
			"translation": [0.5, 2, 25]
		},
		"gui": {"translation": [0, -16, 0]},
		"thirdperson_lefthand": {
			"rotation": [67.5, 0, 0],
			"translation": [0.5, 2, 25]
		},
		"firstperson_righthand": {
			"translation": [11, 1.5, -3],
			"rotation": [0, 92, 0]
		},
		"firstperson_lefthand": {
			"rotation": [0, 92, 0],
			"translation": [11, 1.5, -3]
		}
	}
}